,Open,High,Low,Close,Volume,Date
2013-05-28 13:30:00,57.4,57.45,57.15,57.15,2336000.0,2013-05-28 13:30:00
2013-05-29 13:30:00,57.35,57.8,57.35,57.65,7975000.0,2013-05-29 13:30:00
2013-05-30 13:30:00,57.4,57.45,56.85,56.95,8815000.0,2013-05-30 13:30:00
2013-05-31 13:30:00,57.5,57.7,56.8,56.95,9214000.0,2013-05-31 13:30:00
2013-06-03 13:30:00,56.45,56.75,56.25,56.7,6517000.0,2013-06-03 13:30:00
2013-06-04 13:30:00,56.7,56.8,56.35,56.6,4226000.0,2013-06-04 13:30:00
2013-06-05 13:30:00,56.55,56.75,56.35,56.6,3444000.0,2013-06-05 13:30:00
2013-06-06 13:30:00,56.2,56.3,55.75,55.9,15031000.0,2013-06-06 13:30:00
2013-06-07 13:30:00,55.95,56.15,55.9,56.05,9022000.0,2013-06-07 13:30:00
2013-06-10 13:30:00,56.55,56.7,56.4,56.5,3484000.0,2013-06-10 13:30:00
2013-06-11 13:30:00,56.55,56.65,56.25,56.35,4669000.0,2013-06-11 13:30:00
2013-06-13 13:30:00,55.9,55.9,55.0,55.0,32934000.0,2013-06-13 13:30:00
2013-06-14 13:30:00,55.15,55.15,54.7,54.8,18055000.0,2013-06-14 13:30:00
2013-06-17 13:30:00,54.85,55.15,54.8,55.15,5318000.0,2013-06-17 13:30:00
2013-06-18 13:30:00,55.15,55.4,54.85,55.4,8753000.0,2013-06-18 13:30:00
2013-06-19 13:30:00,55.5,55.5,55.15,55.3,6063000.0,2013-06-19 13:30:00
2013-06-20 13:30:00,55.0,55.0,54.2,54.25,25446000.0,2013-06-20 13:30:00
2013-06-21 13:30:00,54.1,54.1,53.25,53.6,34584000.0,2013-06-21 13:30:00
2013-06-24 13:30:00,53.4,53.5,53.1,53.4,21204000.0,2013-06-24 13:30:00
2013-06-25 13:30:00,53.3,53.7,52.95,53.0,19387000.0,2013-06-25 13:30:00
2013-06-26 13:30:00,53.6,53.8,53.3,53.7,9873000.0,2013-06-26 13:30:00
2013-06-27 13:30:00,54.05,54.35,53.9,54.35,22227000.0,2013-06-27 13:30:00
2013-06-28 13:30:00,54.4,55.1,54.3,55.1,13493000.0,2013-06-28 13:30:00
2013-07-01 13:30:00,54.8,55.7,54.8,55.6,13752000.0,2013-07-01 13:30:00
2013-07-02 13:30:00,55.65,55.75,55.45,55.5,4648000.0,2013-07-02 13:30:00
2013-07-03 13:30:00,55.2,55.4,54.85,54.85,6958000.0,2013-07-03 13:30:00
2013-07-04 13:30:00,54.9,55.15,54.8,54.95,4864000.0,2013-07-04 13:30:00
2013-07-05 13:30:00,55.25,56.05,55.2,56.05,17632000.0,2013-07-05 13:30:00
2013-07-08 13:30:00,56.05,56.05,54.95,55.0,8625000.0,2013-07-08 13:30:00
2013-07-09 13:30:00,55.0,55.7,54.95,55.65,4046000.0,2013-07-09 13:30:00
2013-07-10 13:30:00,55.75,56.3,55.65,55.8,9088000.0,2013-07-10 13:30:00
2013-07-11 13:30:00,56.75,57.4,56.7,57.2,30246000.0,2013-07-11 13:30:00
2013-07-12 13:30:00,57.2,57.4,57.1,57.35,12910000.0,2013-07-12 13:30:00
2013-07-15 13:30:00,57.35,57.7,57.1,57.5,14142000.0,2013-07-15 13:30:00
2013-07-16 13:30:00,57.5,57.6,57.35,57.5,9524000.0,2013-07-16 13:30:00
2013-07-17 13:30:00,57.4,57.75,57.35,57.6,12970000.0,2013-07-17 13:30:00
2013-07-18 13:30:00,57.6,57.65,57.1,57.2,12625000.0,2013-07-18 13:30:00
2013-07-19 13:30:00,56.9,56.9,55.75,55.95,24656000.0,2013-07-19 13:30:00
2013-07-22 13:30:00,56.15,56.4,56.1,56.15,5243000.0,2013-07-22 13:30:00
2013-07-23 13:30:00,56.5,57.2,56.5,57.05,8941000.0,2013-07-23 13:30:00
2013-07-24 13:30:00,56.8,57.15,56.8,56.9,4946000.0,2013-07-24 13:30:00
2013-07-25 13:30:00,56.8,57.15,56.5,57.0,4103000.0,2013-07-25 13:30:00
2013-07-26 13:30:00,57.0,57.4,56.7,56.9,4877000.0,2013-07-26 13:30:00
2013-07-29 13:30:00,56.7,56.85,56.25,56.5,5907000.0,2013-07-29 13:30:00
2013-07-30 13:30:00,56.75,57.15,56.5,56.95,10084000.0,2013-07-30 13:30:00
2013-07-31 13:30:00,56.95,56.95,56.55,56.6,4325000.0,2013-07-31 13:30:00
2013-08-01 13:30:00,56.55,56.65,56.05,56.2,7433000.0,2013-08-01 13:30:00
2013-08-02 13:30:00,56.6,57.0,56.35,56.55,6812000.0,2013-08-02 13:30:00
2013-08-05 13:30:00,56.5,56.8,56.25,56.7,2866000.0,2013-08-05 13:30:00
2013-08-06 13:30:00,56.4,56.4,55.75,55.9,20706000.0,2013-08-06 13:30:00
2013-08-07 13:30:00,55.55,55.55,55.1,55.1,20857000.0,2013-08-07 13:30:00
2013-08-08 13:30:00,55.0,55.1,54.8,54.9,25006000.0,2013-08-08 13:30:00
2013-08-09 13:30:00,54.9,55.1,54.65,54.85,25696000.0,2013-08-09 13:30:00
2013-08-12 13:30:00,55.0,55.05,54.7,55.0,11998000.0,2013-08-12 13:30:00
2013-08-13 13:30:00,55.35,55.55,55.3,55.55,7612000.0,2013-08-13 13:30:00
2013-08-14 13:30:00,55.55,55.55,55.1,55.4,11076000.0,2013-08-14 13:30:00
2013-08-15 13:30:00,54.85,55.05,54.5,55.0,17372000.0,2013-08-15 13:30:00
2013-08-16 13:30:00,54.65,55.45,54.65,55.25,17771000.0,2013-08-16 13:30:00
2013-08-19 13:30:00,55.05,55.1,54.85,55.1,8416000.0,2013-08-19 13:30:00
2013-08-20 13:30:00,54.85,55.15,54.5,54.6,19803000.0,2013-08-20 13:30:00
2013-08-22 13:30:00,54.3,54.35,53.85,54.15,30539000.0,2013-08-22 13:30:00
2013-08-23 13:30:00,54.5,55.0,54.5,54.85,16766000.0,2013-08-23 13:30:00
2013-08-26 13:30:00,55.0,55.2,54.75,55.1,6622000.0,2013-08-26 13:30:00
2013-08-27 13:30:00,55.0,55.0,54.6,54.6,7308000.0,2013-08-27 13:30:00
2013-08-28 13:30:00,54.35,54.75,54.3,54.75,9554000.0,2013-08-28 13:30:00
2013-08-29 13:30:00,54.85,55.6,54.85,55.5,12764000.0,2013-08-29 13:30:00
2013-08-30 13:30:00,55.6,55.85,55.4,55.85,11346000.0,2013-08-30 13:30:00
2013-09-02 13:30:00,55.95,56.4,55.9,56.3,20765000.0,2013-09-02 13:30:00
2013-09-03 13:30:00,56.6,56.7,56.4,56.65,20535000.0,2013-09-03 13:30:00
2013-09-04 13:30:00,56.5,56.6,56.25,56.55,10455000.0,2013-09-04 13:30:00
2013-09-05 13:30:00,56.7,56.95,56.55,56.9,21384000.0,2013-09-05 13:30:00
2013-09-06 13:30:00,56.85,57.05,56.85,57.0,22366000.0,2013-09-06 13:30:00
2013-09-09 13:30:00,57.0,57.3,56.7,57.2,17015000.0,2013-09-09 13:30:00
2013-09-10 13:30:00,57.35,57.6,57.15,57.35,23371000.0,2013-09-10 13:30:00
2013-09-11 13:30:00,57.5,57.5,57.1,57.5,20496000.0,2013-09-11 13:30:00
2013-09-12 13:30:00,57.4,57.7,57.3,57.55,12966000.0,2013-09-12 13:30:00
2013-09-13 13:30:00,57.5,57.6,57.1,57.1,5598000.0,2013-09-13 13:30:00
2013-09-16 13:30:00,57.45,57.95,57.45,57.8,14794000.0,2013-09-16 13:30:00
2013-09-17 13:30:00,57.5,57.75,57.5,57.75,6229000.0,2013-09-17 13:30:00
2013-09-18 13:30:00,57.9,58.0,57.55,57.55,14779000.0,2013-09-18 13:30:00
2013-09-23 13:30:00,57.55,58.15,57.5,58.0,10235000.0,2013-09-23 13:30:00
2013-09-24 13:30:00,58.0,58.1,57.75,58.05,10097000.0,2013-09-24 13:30:00
2013-09-25 13:30:00,58.0,58.0,57.6,57.8,4157000.0,2013-09-25 13:30:00
2013-09-26 13:30:00,57.7,57.8,57.2,57.25,4335000.0,2013-09-26 13:30:00
2013-09-27 13:30:00,57.4,57.55,57.35,57.4,4748000.0,2013-09-27 13:30:00
2013-09-30 13:30:00,57.0,57.3,56.75,57.15,16659000.0,2013-09-30 13:30:00
2013-10-01 13:30:00,57.0,57.3,57.0,57.15,15421000.0,2013-10-01 13:30:00
2013-10-02 13:30:00,57.5,57.5,57.25,57.35,11284000.0,2013-10-02 13:30:00
2013-10-03 13:30:00,57.5,58.8,57.45,58.55,23716000.0,2013-10-03 13:30:00
2013-10-04 13:30:00,58.5,58.55,58.25,58.45,16634000.0,2013-10-04 13:30:00
2013-10-07 13:30:00,58.15,58.15,57.85,57.9,4795000.0,2013-10-07 13:30:00
2013-10-08 13:30:00,57.85,58.45,57.8,58.35,9421000.0,2013-10-08 13:30:00
2013-10-09 13:30:00,58.1,58.35,58.0,58.2,5986000.0,2013-10-09 13:30:00
2013-10-11 13:30:00,58.85,58.95,58.4,58.45,9023000.0,2013-10-11 13:30:00
2013-10-14 13:30:00,58.4,58.4,57.95,58.0,6598000.0,2013-10-14 13:30:00
2013-10-15 13:30:00,58.45,58.6,58.3,58.5,8023000.0,2013-10-15 13:30:00
2013-10-16 13:30:00,58.45,58.6,58.25,58.25,6962000.0,2013-10-16 13:30:00
2013-10-17 13:30:00,58.65,58.85,58.45,58.55,5042000.0,2013-10-17 13:30:00
2013-10-18 13:30:00,58.65,59.1,58.65,59.05,14782000.0,2013-10-18 13:30:00
2013-10-21 13:30:00,59.05,59.15,58.85,59.0,6535000.0,2013-10-21 13:30:00
2013-10-22 13:30:00,58.8,59.1,58.6,59.0,7163000.0,2013-10-22 13:30:00
2013-10-23 13:30:00,59.1,59.1,58.6,58.7,8610000.0,2013-10-23 13:30:00
2013-10-24 13:30:00,57.7,57.7,57.15,57.55,7929000.0,2013-10-24 13:30:00
2013-10-25 13:30:00,57.35,57.35,56.85,57.1,11158000.0,2013-10-25 13:30:00
2013-10-28 13:30:00,57.15,57.65,57.1,57.5,6929000.0,2013-10-28 13:30:00
2013-10-29 13:30:00,57.45,57.8,57.3,57.75,5772000.0,2013-10-29 13:30:00
2013-10-30 13:30:00,57.8,57.9,57.65,57.9,4349000.0,2013-10-30 13:30:00
2013-10-31 13:30:00,57.85,58.05,57.6,57.9,6034000.0,2013-10-31 13:30:00
2013-11-01 13:30:00,58.0,58.1,57.45,57.6,6265000.0,2013-11-01 13:30:00
2013-11-04 13:30:00,57.4,57.4,57.1,57.35,6632000.0,2013-11-04 13:30:00
2013-11-05 13:30:00,57.25,57.35,56.75,56.8,7851000.0,2013-11-05 13:30:00
2013-11-06 13:30:00,56.8,56.9,56.6,56.8,4701000.0,2013-11-06 13:30:00
2013-11-07 13:30:00,56.85,56.85,56.5,56.65,4867000.0,2013-11-07 13:30:00
2013-11-08 13:30:00,56.6,56.65,56.35,56.45,6185000.0,2013-11-08 13:30:00
2013-11-11 13:30:00,56.45,56.5,56.2,56.3,8216000.0,2013-11-11 13:30:00
2013-11-12 13:30:00,56.6,56.6,56.2,56.5,6235000.0,2013-11-12 13:30:00
2013-11-13 13:30:00,56.25,56.3,55.7,55.75,17139000.0,2013-11-13 13:30:00
2013-11-14 13:30:00,56.0,56.1,55.65,55.9,15565000.0,2013-11-14 13:30:00
2013-11-15 13:30:00,56.1,56.35,55.9,56.15,12626000.0,2013-11-15 13:30:00
2013-11-18 13:30:00,56.35,56.5,56.2,56.45,5503000.0,2013-11-18 13:30:00
2013-11-19 13:30:00,56.55,56.85,56.55,56.8,8467000.0,2013-11-19 13:30:00
2013-11-20 13:30:00,56.65,56.7,56.35,56.45,9674000.0,2013-11-20 13:30:00
2013-11-21 13:30:00,56.1,56.1,55.4,55.45,35037000.0,2013-11-21 13:30:00
2013-11-22 13:30:00,55.5,55.7,55.5,55.5,10916000.0,2013-11-22 13:30:00
2013-11-25 13:30:00,56.15,56.5,56.15,56.25,10285000.0,2013-11-25 13:30:00
2013-11-26 13:30:00,56.0,56.9,56.0,56.7,9848000.0,2013-11-26 13:30:00
2013-11-27 13:30:00,56.7,57.05,56.65,57.0,8085000.0,2013-11-27 13:30:00
2013-11-28 13:30:00,57.35,57.45,57.2,57.35,11208000.0,2013-11-28 13:30:00
2013-11-29 13:30:00,57.35,57.7,57.25,57.55,14690000.0,2013-11-29 13:30:00
2013-12-02 13:30:00,57.6,57.7,57.35,57.45,5579000.0,2013-12-02 13:30:00
2013-12-03 13:30:00,57.35,57.5,57.15,57.5,7368000.0,2013-12-03 13:30:00
2013-12-04 13:30:00,57.25,57.65,57.2,57.45,7394000.0,2013-12-04 13:30:00
2013-12-05 13:30:00,57.45,57.5,57.0,57.1,6033000.0,2013-12-05 13:30:00
2013-12-06 13:30:00,57.05,57.4,56.9,57.15,4004000.0,2013-12-06 13:30:00
2013-12-09 13:30:00,57.55,57.95,57.55,57.65,8602000.0,2013-12-09 13:30:00
2013-12-10 13:30:00,57.55,57.9,57.55,57.8,6823000.0,2013-12-10 13:30:00
2013-12-11 13:30:00,57.95,58.3,57.65,57.85,10098000.0,2013-12-11 13:30:00
2013-12-12 13:30:00,57.6,57.6,57.2,57.4,4185000.0,2013-12-12 13:30:00
2013-12-13 13:30:00,57.1,57.4,57.05,57.35,5092000.0,2013-12-13 13:30:00
2013-12-16 13:30:00,57.25,57.25,56.7,56.9,6952000.0,2013-12-16 13:30:00
2013-12-17 13:30:00,57.15,57.3,57.1,57.2,3081000.0,2013-12-17 13:30:00
2013-12-18 13:30:00,57.2,57.2,56.85,57.0,3476000.0,2013-12-18 13:30:00
2013-12-19 13:30:00,57.4,57.5,57.15,57.35,6039000.0,2013-12-19 13:30:00
2013-12-20 13:30:00,57.35,57.55,57.2,57.45,4298000.0,2013-12-20 13:30:00
2013-12-23 13:30:00,57.55,58.0,57.55,57.85,8998000.0,2013-12-23 13:30:00
2013-12-24 13:30:00,57.85,57.9,57.7,57.8,5042000.0,2013-12-24 13:30:00
2013-12-25 13:30:00,57.9,57.95,57.75,57.85,3309000.0,2013-12-25 13:30:00
2013-12-26 13:30:00,57.85,57.95,57.8,57.85,3411000.0,2013-12-26 13:30:00
2013-12-27 13:30:00,57.8,58.4,57.8,58.3,12569000.0,2013-12-27 13:30:00
2013-12-30 13:30:00,58.35,58.95,58.35,58.8,18091000.0,2013-12-30 13:30:00
2013-12-31 13:30:00,59.05,59.05,58.7,58.7,12215000.0,2013-12-31 13:30:00
2014-01-02 13:30:00,58.7,58.75,58.35,58.55,10743000.0,2014-01-02 13:30:00
2014-01-03 13:30:00,58.45,58.45,57.7,57.85,14494000.0,2014-01-03 13:30:00
2014-01-06 13:30:00,57.75,57.95,57.55,57.7,14836000.0,2014-01-06 13:30:00
2014-01-07 13:30:00,57.75,57.9,57.7,57.7,13118000.0,2014-01-07 13:30:00
2014-01-08 13:30:00,57.7,57.95,57.7,57.8,7596000.0,2014-01-08 13:30:00
2014-01-09 13:30:00,57.65,57.8,57.4,57.55,8548000.0,2014-01-09 13:30:00
2014-01-10 13:30:00,57.5,57.65,57.5,57.55,4730000.0,2014-01-10 13:30:00
2014-01-13 13:30:00,58.0,58.2,57.8,57.9,6155000.0,2014-01-13 13:30:00
2014-01-14 13:30:00,57.7,57.85,57.6,57.8,4248000.0,2014-01-14 13:30:00
2014-01-15 13:30:00,57.95,58.45,57.95,58.4,11646000.0,2014-01-15 13:30:00
2014-01-16 13:30:00,58.5,58.75,58.5,58.55,12758000.0,2014-01-16 13:30:00
2014-01-17 13:30:00,58.6,58.7,58.3,58.65,8158000.0,2014-01-17 13:30:00
2014-01-20 13:30:00,58.4,58.8,58.4,58.8,5614000.0,2014-01-20 13:30:00
2014-01-21 13:30:00,58.75,58.85,58.5,58.55,6938000.0,2014-01-21 13:30:00
2014-01-22 13:30:00,58.45,58.65,58.35,58.65,6824000.0,2014-01-22 13:30:00
2014-01-23 13:30:00,58.6,58.75,58.35,58.5,6894000.0,2014-01-23 13:30:00
2014-01-24 13:30:00,58.3,58.8,58.3,58.65,10684000.0,2014-01-24 13:30:00
2014-01-27 13:30:00,58.1,58.2,57.45,57.6,21287000.0,2014-01-27 13:30:00
2014-02-05 13:30:00,56.4,56.4,55.6,55.8,57509000.0,2014-02-05 13:30:00
2014-02-06 13:30:00,55.95,56.2,55.8,56.0,12833000.0,2014-02-06 13:30:00
2014-02-07 13:30:00,56.4,56.7,56.3,56.6,15933000.0,2014-02-07 13:30:00
2014-02-10 13:30:00,56.9,56.9,56.6,56.6,5995000.0,2014-02-10 13:30:00
2014-02-11 13:30:00,56.6,56.95,56.6,56.95,5528000.0,2014-02-11 13:30:00
2014-02-12 13:30:00,57.15,57.55,57.15,57.55,18559000.0,2014-02-12 13:30:00
2014-02-13 13:30:00,57.45,57.55,57.35,57.4,8206000.0,2014-02-13 13:30:00
2014-02-14 13:30:00,57.7,58.2,57.7,57.95,22295000.0,2014-02-14 13:30:00
2014-02-17 13:30:00,58.1,58.25,57.95,57.95,15396000.0,2014-02-17 13:30:00
2014-02-18 13:30:00,57.95,58.15,57.8,58.15,13057000.0,2014-02-18 13:30:00
2014-02-19 13:30:00,58.1,58.2,58.05,58.15,13350000.0,2014-02-19 13:30:00
2014-02-20 13:30:00,58.05,58.05,57.6,57.65,13707000.0,2014-02-20 13:30:00
2014-02-21 13:30:00,58.4,58.45,58.2,58.2,17229000.0,2014-02-21 13:30:00
2014-02-24 13:30:00,58.4,58.45,57.8,57.9,7356000.0,2014-02-24 13:30:00
2014-02-25 13:30:00,58.25,58.25,57.95,58.15,8614000.0,2014-02-25 13:30:00
2014-02-26 13:30:00,58.0,58.5,57.95,58.4,8945000.0,2014-02-26 13:30:00
2014-02-27 13:30:00,58.3,58.45,58.3,58.3,3660000.0,2014-02-27 13:30:00
2014-03-03 13:30:00,57.8,58.15,57.5,57.95,7994000.0,2014-03-03 13:30:00
2014-03-04 13:30:00,57.9,58.0,57.7,57.7,6154000.0,2014-03-04 13:30:00
2014-03-05 13:30:00,58.2,58.45,58.2,58.3,6889000.0,2014-03-05 13:30:00
2014-03-06 13:30:00,58.35,59.2,58.35,59.15,26212000.0,2014-03-06 13:30:00
2014-03-07 13:30:00,59.3,59.8,59.3,59.4,30371000.0,2014-03-07 13:30:00
2014-03-10 13:30:00,59.3,59.4,58.95,59.05,7894000.0,2014-03-10 13:30:00
2014-03-11 13:30:00,59.25,59.45,59.15,59.35,4947000.0,2014-03-11 13:30:00
2014-03-12 13:30:00,58.85,59.0,58.75,58.8,2660000.0,2014-03-12 13:30:00
2014-03-13 13:30:00,59.25,59.8,59.25,59.75,25655000.0,2014-03-13 13:30:00
2014-03-14 13:30:00,59.15,59.3,59.1,59.15,13438000.0,2014-03-14 13:30:00
2014-03-17 13:30:00,59.15,59.2,58.9,59.05,8939000.0,2014-03-17 13:30:00
2014-03-18 13:30:00,59.4,59.5,59.2,59.4,14826000.0,2014-03-18 13:30:00
2014-03-19 13:30:00,59.4,59.45,58.95,59.25,9829000.0,2014-03-19 13:30:00
2014-03-20 13:30:00,58.7,58.7,58.3,58.5,18453000.0,2014-03-20 13:30:00
2014-03-21 13:30:00,58.65,58.65,58.4,58.5,4128000.0,2014-03-21 13:30:00
2014-03-24 13:30:00,58.45,58.65,58.25,58.65,11333000.0,2014-03-24 13:30:00
2014-03-25 13:30:00,58.5,59.15,58.5,59.15,4869000.0,2014-03-25 13:30:00
2014-03-26 13:30:00,59.45,59.7,59.35,59.7,9956000.0,2014-03-26 13:30:00
2014-03-27 13:30:00,59.5,59.85,59.45,59.8,11221000.0,2014-03-27 13:30:00
2014-03-28 13:30:00,59.85,60.1,59.8,59.9,20135000.0,2014-03-28 13:30:00
2014-03-31 13:30:00,60.05,60.15,59.9,60.1,17122000.0,2014-03-31 13:30:00
2014-04-01 13:30:00,60.25,60.6,60.2,60.6,28803000.0,2014-04-01 13:30:00
2014-04-02 13:30:00,60.8,61.15,60.8,60.8,19084000.0,2014-04-02 13:30:00
2014-04-03 13:30:00,60.8,60.95,60.65,60.65,12604000.0,2014-04-03 13:30:00
2014-04-07 13:30:00,60.4,60.5,60.3,60.5,11366000.0,2014-04-07 13:30:00
2014-04-08 13:30:00,60.45,60.9,60.45,60.8,13990000.0,2014-04-08 13:30:00
2014-04-09 13:30:00,60.8,61.1,60.8,61.0,12051000.0,2014-04-09 13:30:00
2014-04-10 13:30:00,61.25,61.3,60.9,61.2,13453000.0,2014-04-10 13:30:00
2014-04-11 13:30:00,60.8,61.15,60.8,61.15,14992000.0,2014-04-11 13:30:00
2014-04-14 13:30:00,61.1,61.2,60.9,61.05,13386000.0,2014-04-14 13:30:00
2014-04-15 13:30:00,61.2,61.45,61.2,61.35,13882000.0,2014-04-15 13:30:00
2014-04-16 13:30:00,61.35,61.5,61.1,61.3,7041000.0,2014-04-16 13:30:00
2014-04-17 13:30:00,61.3,61.4,61.1,61.15,3526000.0,2014-04-17 13:30:00
2014-04-18 13:30:00,61.75,61.9,61.5,61.55,7055000.0,2014-04-18 13:30:00
2014-04-21 13:30:00,61.45,61.65,61.45,61.55,3394000.0,2014-04-21 13:30:00
2014-04-22 13:30:00,61.55,61.95,61.55,61.75,9125000.0,2014-04-22 13:30:00
2014-04-23 13:30:00,61.85,62.05,61.5,61.65,5477000.0,2014-04-23 13:30:00
2014-04-24 13:30:00,61.7,61.8,61.6,61.75,4513000.0,2014-04-24 13:30:00
2014-04-25 13:30:00,61.65,61.8,60.6,60.7,22883000.0,2014-04-25 13:30:00
2014-04-28 13:30:00,60.3,61.5,60.3,61.25,8466000.0,2014-04-28 13:30:00
2014-04-29 13:30:00,61.25,61.5,61.1,61.35,6500000.0,2014-04-29 13:30:00
2014-04-30 13:30:00,61.4,61.45,60.8,61.0,5569000.0,2014-04-30 13:30:00
2014-05-02 13:30:00,61.15,61.65,61.15,61.3,7623000.0,2014-05-02 13:30:00
2014-05-05 13:30:00,61.55,61.6,61.0,61.2,6838000.0,2014-05-05 13:30:00
2014-05-06 13:30:00,61.5,61.75,61.1,61.55,10308000.0,2014-05-06 13:30:00
2014-05-07 13:30:00,61.5,61.6,61.2,61.4,7874000.0,2014-05-07 13:30:00
2014-05-08 13:30:00,61.6,61.85,61.4,61.85,3805000.0,2014-05-08 13:30:00
2014-05-09 13:30:00,61.7,61.85,61.45,61.45,3930000.0,2014-05-09 13:30:00
2014-05-12 13:30:00,61.5,61.5,61.1,61.15,3929000.0,2014-05-12 13:30:00
2014-05-13 13:30:00,61.6,61.75,61.35,61.45,5607000.0,2014-05-13 13:30:00
2014-05-14 13:30:00,61.6,61.8,61.45,61.8,10731000.0,2014-05-14 13:30:00
2014-05-15 13:30:00,61.75,61.85,61.55,61.75,8894000.0,2014-05-15 13:30:00
2014-05-16 13:30:00,61.65,61.85,61.4,61.85,9113000.0,2014-05-16 13:30:00
2014-05-19 13:30:00,61.85,62.0,61.8,61.85,7159000.0,2014-05-19 13:30:00
2014-05-20 13:30:00,61.9,62.3,61.9,62.1,9938000.0,2014-05-20 13:30:00
2014-05-21 13:30:00,62.0,62.2,61.75,61.8,6508000.0,2014-05-21 13:30:00
2014-05-22 13:30:00,62.0,62.65,61.95,62.65,14651000.0,2014-05-22 13:30:00
2014-05-23 13:30:00,62.85,62.9,62.65,62.75,13440000.0,2014-05-23 13:30:00
2014-05-26 13:30:00,62.85,63.1,62.85,63.05,8636000.0,2014-05-26 13:30:00
2014-05-27 13:30:00,63.05,63.2,62.95,63.1,8023000.0,2014-05-27 13:30:00
2014-05-28 13:30:00,63.15,63.8,63.15,63.7,11632000.0,2014-05-28 13:30:00
2014-05-29 13:30:00,63.7,63.7,63.4,63.4,9534000.0,2014-05-29 13:30:00
2014-05-30 13:30:00,63.4,63.45,63.1,63.1,6686000.0,2014-05-30 13:30:00
2014-06-03 13:30:00,63.15,63.45,62.8,63.15,5106000.0,2014-06-03 13:30:00
2014-06-04 13:30:00,63.4,63.55,63.3,63.4,3385000.0,2014-06-04 13:30:00
2014-06-05 13:30:00,63.3,63.4,63.1,63.4,1694000.0,2014-06-05 13:30:00
2014-06-06 13:30:00,63.65,63.75,63.4,63.55,3478000.0,2014-06-06 13:30:00
2014-06-09 13:30:00,63.6,63.85,63.6,63.8,3887000.0,2014-06-09 13:30:00
2014-06-10 13:30:00,63.85,64.3,63.85,64.2,6833000.0,2014-06-10 13:30:00
2014-06-11 13:30:00,64.2,64.25,64.05,64.15,5027000.0,2014-06-11 13:30:00
2014-06-12 13:30:00,64.0,64.1,63.9,64.0,4496000.0,2014-06-12 13:30:00
2014-06-13 13:30:00,63.9,63.9,63.7,63.85,3314000.0,2014-06-13 13:30:00
2014-06-16 13:30:00,63.85,64.0,63.6,63.9,2582000.0,2014-06-16 13:30:00
2014-06-17 13:30:00,63.9,64.45,63.85,64.35,3843000.0,2014-06-17 13:30:00
2014-06-18 13:30:00,64.4,64.8,64.3,64.5,9523000.0,2014-06-18 13:30:00
2014-06-19 13:30:00,64.65,65.05,64.55,64.95,9925000.0,2014-06-19 13:30:00
2014-06-20 13:30:00,64.95,65.1,64.7,64.75,3542000.0,2014-06-20 13:30:00
2014-06-23 13:30:00,64.8,65.0,64.6,64.7,13731000.0,2014-06-23 13:30:00
2014-06-24 13:30:00,64.85,65.05,64.7,64.8,7955000.0,2014-06-24 13:30:00
2014-06-25 13:30:00,64.65,64.8,64.6,64.65,7495000.0,2014-06-25 13:30:00
2014-06-26 13:30:00,64.75,65.4,64.75,65.35,9201000.0,2014-06-26 13:30:00
2014-06-27 13:30:00,65.35,65.35,64.5,65.35,9219000.0,2014-06-27 13:30:00
2014-06-30 13:30:00,65.3,66.0,65.2,65.95,7569000.0,2014-06-30 13:30:00
2014-07-01 13:30:00,65.95,66.75,65.85,66.55,9585000.0,2014-07-01 13:30:00
2014-07-02 13:30:00,66.8,67.55,66.65,67.1,11627000.0,2014-07-02 13:30:00
2014-07-03 13:30:00,67.1,67.8,66.9,67.7,8099000.0,2014-07-03 13:30:00
2014-07-04 13:30:00,67.8,67.9,67.35,67.7,7063000.0,2014-07-04 13:30:00
2014-07-07 13:30:00,67.5,67.7,67.3,67.6,5504000.0,2014-07-07 13:30:00
2014-07-08 13:30:00,67.8,67.9,67.6,67.75,5499000.0,2014-07-08 13:30:00
2014-07-09 13:30:00,67.65,67.85,67.5,67.85,3125000.0,2014-07-09 13:30:00
2014-07-10 13:30:00,67.8,68.45,67.8,68.35,5618000.0,2014-07-10 13:30:00
2014-07-11 13:30:00,68.35,68.7,68.15,68.3,7792000.0,2014-07-11 13:30:00
2014-07-14 13:30:00,68.25,68.8,68.25,68.7,3069000.0,2014-07-14 13:30:00
2014-07-15 13:30:00,68.95,69.05,68.75,68.95,3949000.0,2014-07-15 13:30:00
2014-07-16 13:30:00,68.95,69.0,68.1,68.35,4990000.0,2014-07-16 13:30:00
2014-07-17 13:30:00,67.95,68.0,67.3,67.5,7991000.0,2014-07-17 13:30:00
2014-07-18 13:30:00,67.05,67.6,67.0,67.5,6363000.0,2014-07-18 13:30:00
2014-07-21 13:30:00,67.75,67.95,67.5,67.5,5298000.0,2014-07-21 13:30:00
2014-07-22 13:30:00,67.7,68.2,67.5,68.1,4145000.0,2014-07-22 13:30:00
2014-07-24 13:30:00,68.3,68.4,68.1,68.4,3821000.0,2014-07-24 13:30:00
2014-07-25 13:30:00,68.4,68.4,67.45,67.65,5538000.0,2014-07-25 13:30:00
2014-07-28 13:30:00,67.45,67.8,67.3,67.5,2758000.0,2014-07-28 13:30:00
2014-07-29 13:30:00,67.75,67.95,67.2,67.45,7197000.0,2014-07-29 13:30:00
2014-07-30 13:30:00,67.45,67.95,67.45,67.85,2795000.0,2014-07-30 13:30:00
2014-07-31 13:30:00,67.85,67.85,66.6,66.75,11115000.0,2014-07-31 13:30:00
2014-08-01 13:30:00,65.95,66.3,65.9,66.25,12819000.0,2014-08-01 13:30:00
2014-08-04 13:30:00,66.2,66.7,66.1,66.6,3741000.0,2014-08-04 13:30:00
2014-08-05 13:30:00,66.4,66.4,65.1,65.25,19556000.0,2014-08-05 13:30:00
2014-08-06 13:30:00,65.3,65.75,65.05,65.7,6844000.0,2014-08-06 13:30:00
2014-08-07 13:30:00,65.75,65.9,65.4,65.7,5990000.0,2014-08-07 13:30:00
2014-08-08 13:30:00,65.45,65.7,65.05,65.7,14238000.0,2014-08-08 13:30:00
2014-08-11 13:30:00,66.0,66.15,65.75,66.05,8071000.0,2014-08-11 13:30:00
2014-08-12 13:30:00,66.0,66.3,65.85,66.1,4354000.0,2014-08-12 13:30:00
2014-08-13 13:30:00,66.15,66.75,66.05,66.75,5189000.0,2014-08-13 13:30:00
2014-08-14 13:30:00,67.0,67.25,66.95,67.1,5964000.0,2014-08-14 13:30:00
2014-08-15 13:30:00,67.1,67.25,66.75,67.1,3883000.0,2014-08-15 13:30:00
2014-08-18 13:30:00,67.1,67.1,66.6,66.9,2411000.0,2014-08-18 13:30:00
2014-08-19 13:30:00,67.3,67.75,67.0,67.75,6633000.0,2014-08-19 13:30:00
2014-08-20 13:30:00,67.7,68.05,67.7,68.0,8450000.0,2014-08-20 13:30:00
2014-08-21 13:30:00,68.0,68.1,67.8,67.9,3043000.0,2014-08-21 13:30:00
2014-08-22 13:30:00,68.1,68.95,68.1,68.75,7520000.0,2014-08-22 13:30:00
2014-08-25 13:30:00,68.75,68.9,68.6,68.65,2943000.0,2014-08-25 13:30:00
2014-08-26 13:30:00,68.6,68.8,68.55,68.6,1728000.0,2014-08-26 13:30:00
2014-08-27 13:30:00,68.95,69.4,68.95,69.25,7577000.0,2014-08-27 13:30:00
2014-08-28 13:30:00,69.25,69.45,69.2,69.35,3864000.0,2014-08-28 13:30:00
2014-08-29 13:30:00,69.05,69.3,68.85,69.2,2404000.0,2014-08-29 13:30:00
2014-09-01 13:30:00,69.25,69.95,69.25,69.8,5257000.0,2014-09-01 13:30:00
2014-09-02 13:30:00,69.7,69.7,68.6,68.75,17711000.0,2014-09-02 13:30:00
2014-09-03 13:30:00,68.9,69.45,68.85,69.25,6859000.0,2014-09-03 13:30:00
2014-09-04 13:30:00,69.0,69.15,68.8,69.0,5373000.0,2014-09-04 13:30:00
2014-09-05 13:30:00,69.3,69.3,68.65,69.0,7386000.0,2014-09-05 13:30:00
2014-09-09 13:30:00,69.4,69.5,69.25,69.25,7405000.0,2014-09-09 13:30:00
2014-09-10 13:30:00,68.95,68.95,68.05,68.65,17836000.0,2014-09-10 13:30:00
2014-09-11 13:30:00,68.7,68.7,68.4,68.4,8664000.0,2014-09-11 13:30:00
2014-09-12 13:30:00,68.4,68.4,67.6,67.75,19493000.0,2014-09-12 13:30:00
2014-09-15 13:30:00,67.15,67.75,67.15,67.75,13108000.0,2014-09-15 13:30:00
2014-09-16 13:30:00,67.65,67.65,67.15,67.2,17987000.0,2014-09-16 13:30:00
2014-09-17 13:30:00,67.5,68.2,67.45,67.7,16509000.0,2014-09-17 13:30:00
2014-09-18 13:30:00,67.7,68.05,67.6,67.85,16226000.0,2014-09-18 13:30:00
2014-09-19 13:30:00,68.2,68.25,67.85,68.0,12106000.0,2014-09-19 13:30:00
2014-09-22 13:30:00,67.35,67.35,66.55,66.95,27031000.0,2014-09-22 13:30:00
2014-09-23 13:30:00,66.9,67.0,66.65,66.8,14754000.0,2014-09-23 13:30:00
2014-09-24 13:30:00,66.55,66.8,66.3,66.55,25167000.0,2014-09-24 13:30:00
2014-09-25 13:30:00,66.7,66.85,65.7,65.95,23032000.0,2014-09-25 13:30:00
2014-09-26 13:30:00,65.5,65.85,65.25,65.6,23158000.0,2014-09-26 13:30:00
2014-09-29 13:30:00,65.65,65.7,65.2,65.4,17132000.0,2014-09-29 13:30:00
2014-09-30 13:30:00,65.3,65.65,64.65,65.3,20630000.0,2014-09-30 13:30:00
2014-10-01 13:30:00,65.05,65.65,64.85,65.5,17471000.0,2014-10-01 13:30:00
2014-10-02 13:30:00,65.0,65.75,64.9,65.5,11479000.0,2014-10-02 13:30:00
2014-10-03 13:30:00,65.8,66.7,65.6,66.7,16216000.0,2014-10-03 13:30:00
2014-10-06 13:30:00,66.65,66.7,66.15,66.65,6616000.0,2014-10-06 13:30:00
2014-10-07 13:30:00,66.25,66.25,65.7,66.1,11298000.0,2014-10-07 13:30:00
2014-10-08 13:30:00,65.8,66.05,65.7,65.7,8063000.0,2014-10-08 13:30:00
2014-10-09 13:30:00,66.1,66.45,65.7,66.0,14961000.0,2014-10-09 13:30:00
2014-10-13 13:30:00,64.15,64.55,63.8,64.0,19537000.0,2014-10-13 13:30:00
2014-10-14 13:30:00,64.0,64.6,64.0,64.55,12842000.0,2014-10-14 13:30:00
2014-10-15 13:30:00,64.45,64.8,63.95,64.1,14382000.0,2014-10-15 13:30:00
2014-10-16 13:30:00,63.65,64.35,63.25,64.0,24694000.0,2014-10-16 13:30:00
2014-10-17 13:30:00,64.25,64.4,63.35,63.35,15641000.0,2014-10-17 13:30:00
2014-10-20 13:30:00,64.25,64.6,63.9,64.6,10799000.0,2014-10-20 13:30:00
2014-10-21 13:30:00,64.4,64.55,64.2,64.3,7212000.0,2014-10-21 13:30:00
2014-10-22 13:30:00,65.1,65.45,65.0,65.3,9317000.0,2014-10-22 13:30:00
2014-10-23 13:30:00,65.3,65.3,65.0,65.05,7019000.0,2014-10-23 13:30:00
2014-10-24 13:30:00,63.85,63.85,62.8,63.05,22459000.0,2014-10-24 13:30:00
2014-10-27 13:30:00,63.4,63.45,63.0,63.25,8034000.0,2014-10-27 13:30:00
2014-10-28 13:30:00,64.0,64.35,64.0,64.35,11152000.0,2014-10-28 13:30:00
2014-10-29 13:30:00,64.6,65.0,64.5,65.0,9360000.0,2014-10-29 13:30:00
2014-10-30 13:30:00,64.85,64.95,64.55,64.8,9070000.0,2014-10-30 13:30:00
2014-10-31 13:30:00,65.0,65.3,64.7,65.3,16546000.0,2014-10-31 13:30:00
2014-11-03 13:30:00,65.3,65.9,65.3,65.6,10583000.0,2014-11-03 13:30:00
2014-11-04 13:30:00,65.75,66.05,65.55,65.65,10980000.0,2014-11-04 13:30:00
2014-11-05 13:30:00,65.8,65.85,65.35,65.5,10529000.0,2014-11-05 13:30:00
2014-11-06 13:30:00,65.55,65.7,64.95,65.1,21118000.0,2014-11-06 13:30:00
2014-11-07 13:30:00,65.0,65.25,64.7,65.2,10640000.0,2014-11-07 13:30:00
2014-11-10 13:30:00,65.4,66.3,65.25,66.15,16354000.0,2014-11-10 13:30:00
2014-11-11 13:30:00,66.25,66.35,65.95,65.95,15080000.0,2014-11-11 13:30:00
2014-11-12 13:30:00,65.75,65.85,64.9,65.0,18786000.0,2014-11-12 13:30:00
2014-11-13 13:30:00,65.0,65.65,65.0,65.65,10816000.0,2014-11-13 13:30:00
2014-11-14 13:30:00,65.3,65.8,65.3,65.7,11041000.0,2014-11-14 13:30:00
2014-11-17 13:30:00,66.05,66.1,64.8,65.1,17439000.0,2014-11-17 13:30:00
2014-11-18 13:30:00,65.3,65.6,64.8,64.9,9932000.0,2014-11-18 13:30:00
2014-11-19 13:30:00,65.15,66.1,65.15,65.85,18459000.0,2014-11-19 13:30:00
2014-11-20 13:30:00,66.05,66.7,66.05,66.6,20688000.0,2014-11-20 13:30:00
2014-11-21 13:30:00,66.6,66.8,66.45,66.65,11922000.0,2014-11-21 13:30:00
2014-11-24 13:30:00,66.9,67.2,66.75,66.8,13110000.0,2014-11-24 13:30:00
2014-11-25 13:30:00,66.65,67.05,66.45,66.85,13164000.0,2014-11-25 13:30:00
2014-11-26 13:30:00,66.75,66.9,66.65,66.85,8904000.0,2014-11-26 13:30:00
2014-11-27 13:30:00,67.15,67.85,67.15,67.5,16514000.0,2014-11-27 13:30:00
2014-11-28 13:30:00,67.55,67.7,67.35,67.5,9344000.0,2014-11-28 13:30:00
2014-12-01 13:30:00,66.3,67.45,66.15,66.8,21255000.0,2014-12-01 13:30:00
2014-12-02 13:30:00,66.35,66.5,65.65,65.8,19673000.0,2014-12-02 13:30:00
2014-12-03 13:30:00,65.8,67.0,65.7,66.85,10696000.0,2014-12-03 13:30:00
2014-12-04 13:30:00,67.25,67.45,67.1,67.1,11355000.0,2014-12-04 13:30:00
2014-12-05 13:30:00,67.1,67.1,66.75,66.85,4297000.0,2014-12-05 13:30:00
2014-12-08 13:30:00,67.05,67.05,66.35,66.35,7621000.0,2014-12-08 13:30:00
2014-12-09 13:30:00,66.25,66.3,66.0,66.2,4604000.0,2014-12-09 13:30:00
2014-12-10 13:30:00,65.95,66.15,65.15,65.3,12837000.0,2014-12-10 13:30:00
2014-12-11 13:30:00,65.05,65.35,64.7,65.25,6899000.0,2014-12-11 13:30:00
2014-12-12 13:30:00,65.25,65.5,65.15,65.3,4425000.0,2014-12-12 13:30:00
2014-12-15 13:30:00,64.75,65.1,64.5,65.1,10548000.0,2014-12-15 13:30:00
2014-12-16 13:30:00,64.8,65.0,64.55,64.55,12669000.0,2014-12-16 13:30:00
2014-12-17 13:30:00,64.55,64.55,63.4,63.55,19551000.0,2014-12-17 13:30:00
2014-12-18 13:30:00,63.95,64.1,63.65,63.7,8566000.0,2014-12-18 13:30:00
2014-12-19 13:30:00,64.7,65.3,64.6,65.2,17117000.0,2014-12-19 13:30:00
2014-12-22 13:30:00,65.35,66.0,65.3,66.0,7407000.0,2014-12-22 13:30:00
2014-12-23 13:30:00,66.15,66.3,65.75,65.8,5224000.0,2014-12-23 13:30:00
2014-12-24 13:30:00,65.9,66.4,65.85,66.3,6920000.0,2014-12-24 13:30:00
2014-12-25 13:30:00,66.35,66.4,66.15,66.3,4400000.0,2014-12-25 13:30:00
2014-12-26 13:30:00,66.35,66.5,66.2,66.45,6262000.0,2014-12-26 13:30:00
2014-12-29 13:30:00,66.6,67.3,66.55,67.2,11043000.0,2014-12-29 13:30:00
2014-12-30 13:30:00,67.15,67.45,66.85,66.85,8556000.0,2014-12-30 13:30:00
2014-12-31 13:30:00,66.8,67.0,66.6,66.85,7406000.0,2014-12-31 13:30:00
2015-01-05 13:30:00,66.4,66.75,66.0,66.55,6283000.0,2015-01-05 13:30:00
2015-01-06 13:30:00,65.75,65.75,64.75,64.9,19469000.0,2015-01-06 13:30:00
2015-01-07 13:30:00,64.7,65.25,64.7,65.0,6979000.0,2015-01-07 13:30:00
2015-01-08 13:30:00,65.5,66.6,65.5,66.5,13117000.0,2015-01-08 13:30:00
2015-01-09 13:30:00,66.9,66.95,66.05,66.15,5877000.0,2015-01-09 13:30:00
2015-01-12 13:30:00,65.8,66.15,65.65,65.75,9047000.0,2015-01-12 13:30:00
2015-01-13 13:30:00,65.6,66.4,65.4,65.95,6146000.0,2015-01-13 13:30:00
2015-01-14 13:30:00,66.0,66.05,65.4,65.6,7194000.0,2015-01-14 13:30:00
2015-01-15 13:30:00,65.65,65.95,65.35,65.8,3470000.0,2015-01-15 13:30:00
2015-01-16 13:30:00,66.25,66.4,65.35,65.5,9290000.0,2015-01-16 13:30:00
2015-01-19 13:30:00,66.3,66.75,66.05,66.25,17578000.0,2015-01-19 13:30:00
2015-01-20 13:30:00,66.5,66.9,66.35,66.75,10047000.0,2015-01-20 13:30:00
2015-01-21 13:30:00,67.2,67.3,67.0,67.25,17536000.0,2015-01-21 13:30:00
2015-01-22 13:30:00,67.5,67.9,67.45,67.6,16099000.0,2015-01-22 13:30:00
2015-01-23 13:30:00,68.25,68.7,68.25,68.7,35822000.0,2015-01-23 13:30:00
2015-01-26 13:30:00,68.55,68.85,68.45,68.7,20438000.0,2015-01-26 13:30:00
2015-01-27 13:30:00,69.0,69.25,68.8,69.15,36183000.0,2015-01-27 13:30:00
2015-01-28 13:30:00,68.8,69.2,68.8,69.15,35968000.0,2015-01-28 13:30:00
2015-01-29 13:30:00,69.05,69.05,68.15,68.3,19757000.0,2015-01-29 13:30:00
2015-01-30 13:30:00,68.6,68.6,68.0,68.0,4243000.0,2015-01-30 13:30:00
2015-02-02 13:30:00,68.2,68.35,67.9,68.15,5796000.0,2015-02-02 13:30:00
2015-02-03 13:30:00,68.35,68.85,68.1,68.65,16638000.0,2015-02-03 13:30:00
2015-02-04 13:30:00,69.2,69.5,69.05,69.4,20331000.0,2015-02-04 13:30:00
2015-02-05 13:30:00,69.05,69.25,68.8,69.1,4768000.0,2015-02-05 13:30:00
2015-02-06 13:30:00,69.1,69.2,68.65,68.75,4098000.0,2015-02-06 13:30:00
2015-02-09 13:30:00,68.75,68.75,68.25,68.5,3494000.0,2015-02-09 13:30:00
2015-02-10 13:30:00,68.45,68.5,68.2,68.25,8015000.0,2015-02-10 13:30:00
2015-02-11 13:30:00,68.7,69.25,68.7,69.0,7180000.0,2015-02-11 13:30:00
2015-02-12 13:30:00,69.0,69.2,68.8,69.0,9303000.0,2015-02-12 13:30:00
2015-02-13 13:30:00,69.35,69.65,69.35,69.45,7581000.0,2015-02-13 13:30:00
2015-02-24 13:30:00,69.95,70.45,69.95,70.25,14508000.0,2015-02-24 13:30:00
2015-02-25 13:30:00,70.7,70.9,70.55,70.8,23218000.0,2015-02-25 13:30:00
2015-02-26 13:30:00,70.55,70.65,70.05,70.3,8627000.0,2015-02-26 13:30:00
2015-03-02 13:30:00,70.3,70.55,69.75,70.0,6567000.0,2015-03-02 13:30:00
2015-03-03 13:30:00,70.05,70.1,69.5,69.9,5053000.0,2015-03-03 13:30:00
2015-03-04 13:30:00,69.55,70.05,69.5,69.95,6405000.0,2015-03-04 13:30:00
2015-03-05 13:30:00,69.95,70.0,69.35,69.7,3750000.0,2015-03-05 13:30:00
2015-03-06 13:30:00,69.55,69.9,69.3,69.8,3047000.0,2015-03-06 13:30:00
2015-03-09 13:30:00,69.45,69.5,68.9,69.1,7448000.0,2015-03-09 13:30:00
2015-03-10 13:30:00,69.0,69.05,68.6,68.95,6941000.0,2015-03-10 13:30:00
2015-03-11 13:30:00,68.35,69.15,68.3,69.05,10018000.0,2015-03-11 13:30:00
2015-03-12 13:30:00,68.85,69.65,68.8,69.65,5704000.0,2015-03-12 13:30:00
2015-03-13 13:30:00,69.65,69.75,69.45,69.45,4501000.0,2015-03-13 13:30:00
2015-03-16 13:30:00,69.35,69.35,68.85,68.9,6039000.0,2015-03-16 13:30:00
2015-03-17 13:30:00,69.2,69.75,69.0,69.15,7081000.0,2015-03-17 13:30:00
2015-03-18 13:30:00,69.2,70.15,69.2,69.9,18607000.0,2015-03-18 13:30:00
2015-03-19 13:30:00,70.5,70.9,70.25,70.65,12474000.0,2015-03-19 13:30:00
2015-03-20 13:30:00,70.65,70.65,70.4,70.55,4477000.0,2015-03-20 13:30:00
2015-03-23 13:30:00,70.55,70.9,70.45,70.75,7591000.0,2015-03-23 13:30:00
2015-03-24 13:30:00,70.55,70.85,70.35,70.5,4495000.0,2015-03-24 13:30:00
2015-03-25 13:30:00,70.5,70.6,70.1,70.25,4431000.0,2015-03-25 13:30:00
2015-03-26 13:30:00,69.4,69.7,69.15,69.4,9497000.0,2015-03-26 13:30:00
2015-03-27 13:30:00,69.4,69.4,68.65,68.75,9983000.0,2015-03-27 13:30:00
2015-03-30 13:30:00,68.75,68.9,68.55,68.8,10336000.0,2015-03-30 13:30:00
2015-03-31 13:30:00,69.0,69.25,68.8,69.05,7634000.0,2015-03-31 13:30:00
2015-04-01 13:30:00,68.7,68.85,68.5,68.65,8217000.0,2015-04-01 13:30:00
2015-04-02 13:30:00,68.9,69.75,68.9,69.5,7782000.0,2015-04-02 13:30:00
2015-04-07 13:30:00,69.55,69.7,69.35,69.6,3417000.0,2015-04-07 13:30:00
2015-04-08 13:30:00,69.6,69.6,68.85,69.0,5051000.0,2015-04-08 13:30:00
2015-04-09 13:30:00,69.0,69.85,68.95,69.1,6188000.0,2015-04-09 13:30:00
2015-04-10 13:30:00,69.7,69.8,69.45,69.65,4579000.0,2015-04-10 13:30:00
2015-04-13 13:30:00,69.9,69.95,69.65,69.85,4190000.0,2015-04-13 13:30:00
2015-04-14 13:30:00,69.85,69.85,69.5,69.5,4557000.0,2015-04-14 13:30:00
2015-04-15 13:30:00,69.25,69.5,68.4,68.65,17241000.0,2015-04-15 13:30:00
2015-04-16 13:30:00,68.95,69.7,68.9,69.7,15728000.0,2015-04-16 13:30:00
2015-04-17 13:30:00,69.55,69.55,68.9,69.05,9226000.0,2015-04-17 13:30:00
2015-04-20 13:30:00,68.7,69.15,68.55,68.95,9560000.0,2015-04-20 13:30:00
2015-04-21 13:30:00,69.05,69.3,68.85,68.95,2857000.0,2015-04-21 13:30:00
2015-04-22 13:30:00,69.3,69.8,69.25,69.65,11302000.0,2015-04-22 13:30:00
2015-04-23 13:30:00,70.2,71.5,70.15,71.5,24299000.0,2015-04-23 13:30:00
2015-04-24 13:30:00,71.7,72.85,71.7,72.2,26487000.0,2015-04-24 13:30:00
2015-04-27 13:30:00,73.0,73.3,72.6,72.75,13253000.0,2015-04-27 13:30:00
2015-04-28 13:30:00,72.85,73.1,72.35,72.6,16452000.0,2015-04-28 13:30:00
2015-04-29 13:30:00,72.5,72.7,71.6,71.8,10060000.0,2015-04-29 13:30:00
2015-04-30 13:30:00,71.6,71.8,71.15,71.45,6742000.0,2015-04-30 13:30:00
2015-05-04 13:30:00,71.45,71.65,70.85,71.6,5364000.0,2015-05-04 13:30:00
2015-05-05 13:30:00,71.4,71.4,70.9,71.2,6781000.0,2015-05-05 13:30:00
2015-05-06 13:30:00,70.8,71.4,70.5,71.3,6585000.0,2015-05-06 13:30:00
2015-05-07 13:30:00,70.8,70.8,70.15,70.45,10168000.0,2015-05-07 13:30:00
2015-05-08 13:30:00,70.45,70.65,70.45,70.5,5632000.0,2015-05-08 13:30:00
2015-05-11 13:30:00,71.0,71.2,70.3,70.85,11192000.0,2015-05-11 13:30:00
2015-05-12 13:30:00,70.6,70.85,70.55,70.7,9048000.0,2015-05-12 13:30:00
2015-05-13 13:30:00,70.7,71.2,70.7,71.1,6844000.0,2015-05-13 13:30:00
2015-05-14 13:30:00,70.85,70.95,70.0,70.1,16464000.0,2015-05-14 13:30:00
2015-05-15 13:30:00,70.3,70.35,69.7,70.0,11634000.0,2015-05-15 13:30:00
2015-05-18 13:30:00,70.05,70.3,70.0,70.25,3239000.0,2015-05-18 13:30:00
2015-05-19 13:30:00,70.4,71.45,70.4,71.3,8430000.0,2015-05-19 13:30:00
2015-05-20 13:30:00,71.25,71.25,70.8,70.8,7524000.0,2015-05-20 13:30:00
2015-05-21 13:30:00,70.15,70.2,69.75,70.15,11553000.0,2015-05-21 13:30:00
2015-05-22 13:30:00,70.2,70.95,70.2,70.7,6139000.0,2015-05-22 13:30:00
2015-05-25 13:30:00,70.45,70.95,70.3,70.7,2383000.0,2015-05-25 13:30:00
2015-05-26 13:30:00,71.2,71.6,70.8,71.0,7503000.0,2015-05-26 13:30:00
2015-05-27 13:30:00,70.85,71.3,70.7,71.15,5790000.0,2015-05-27 13:30:00
2015-05-28 13:30:00,71.75,71.9,71.25,71.5,5766000.0,2015-05-28 13:30:00
2015-05-29 13:30:00,71.7,71.7,71.05,71.1,4882000.0,2015-05-29 13:30:00
2015-06-01 13:30:00,71.1,71.15,70.25,70.5,7840000.0,2015-06-01 13:30:00
2015-06-02 13:30:00,70.45,70.5,70.0,70.4,4861000.0,2015-06-02 13:30:00
2015-06-03 13:30:00,70.3,70.4,69.9,69.95,6541000.0,2015-06-03 13:30:00
2015-06-04 13:30:00,69.8,69.9,68.35,68.6,28137000.0,2015-06-04 13:30:00
2015-06-05 13:30:00,68.5,68.6,68.2,68.45,15090000.0,2015-06-05 13:30:00
2015-06-08 13:30:00,68.3,69.05,68.0,68.9,9060000.0,2015-06-08 13:30:00
2015-06-09 13:30:00,68.5,68.6,68.0,68.35,18401000.0,2015-06-09 13:30:00
2015-06-10 13:30:00,68.55,68.9,68.45,68.65,8654000.0,2015-06-10 13:30:00
2015-06-11 13:30:00,68.8,68.9,68.4,68.85,7336000.0,2015-06-11 13:30:00
2015-06-12 13:30:00,68.9,69.0,68.45,68.8,3127000.0,2015-06-12 13:30:00
2015-06-15 13:30:00,68.8,69.0,68.5,68.65,3733000.0,2015-06-15 13:30:00
2015-06-16 13:30:00,68.65,68.65,68.05,68.2,8611000.0,2015-06-16 13:30:00
2015-06-17 13:30:00,68.2,68.75,68.2,68.5,5551000.0,2015-06-17 13:30:00
2015-06-18 13:30:00,68.45,68.55,68.2,68.4,10657000.0,2015-06-18 13:30:00
2015-06-22 13:30:00,68.75,69.4,68.75,69.35,11303000.0,2015-06-22 13:30:00
2015-06-23 13:30:00,69.55,69.85,69.35,69.55,5300000.0,2015-06-23 13:30:00
2015-06-24 13:30:00,69.6,69.7,69.4,69.65,6121000.0,2015-06-24 13:30:00
2015-06-25 13:30:00,70.0,70.65,70.0,70.45,13804000.0,2015-06-25 13:30:00
2015-06-26 13:30:00,70.45,70.45,70.15,70.45,4921000.0,2015-06-26 13:30:00
2015-06-29 13:30:00,69.35,69.6,68.75,68.8,11564000.0,2015-06-29 13:30:00
2015-06-30 13:30:00,68.8,69.4,68.8,69.4,4086000.0,2015-06-30 13:30:00
2015-07-01 13:30:00,69.4,70.3,69.25,70.05,6034000.0,2015-07-01 13:30:00
2015-07-02 13:30:00,70.2,70.25,69.85,70.1,4334000.0,2015-07-02 13:30:00
2015-07-03 13:30:00,70.0,70.2,69.25,70.1,7754000.0,2015-07-03 13:30:00
2015-07-06 13:30:00,69.55,70.05,69.2,69.3,7572000.0,2015-07-06 13:30:00
2015-07-07 13:30:00,69.65,70.1,69.45,69.6,4698000.0,2015-07-07 13:30:00
2015-07-08 13:30:00,69.2,69.2,67.45,67.5,37707000.0,2015-07-08 13:30:00
2015-07-09 13:30:00,66.8,67.35,66.1,67.1,33048000.0,2015-07-09 13:30:00
2015-07-13 13:30:00,68.0,68.1,67.2,68.1,15774000.0,2015-07-13 13:30:00
2015-07-14 13:30:00,68.3,68.7,68.05,68.1,9602000.0,2015-07-14 13:30:00
2015-07-15 13:30:00,68.3,68.65,68.0,68.25,8853000.0,2015-07-15 13:30:00
2015-07-16 13:30:00,68.6,68.95,68.2,68.6,6927000.0,2015-07-16 13:30:00
2015-07-17 13:30:00,68.35,68.65,68.3,68.5,3425000.0,2015-07-17 13:30:00
2015-07-20 13:30:00,69.0,69.2,67.8,68.0,7818000.0,2015-07-20 13:30:00
2015-07-21 13:30:00,68.35,68.65,68.0,68.65,3337000.0,2015-07-21 13:30:00
2015-07-22 13:30:00,68.2,68.3,67.7,67.8,14120000.0,2015-07-22 13:30:00
2015-07-23 13:30:00,67.5,67.85,66.85,67.15,20963000.0,2015-07-23 13:30:00
2015-07-24 13:30:00,67.05,67.25,66.5,66.75,19915000.0,2015-07-24 13:30:00
2015-07-27 13:30:00,66.4,66.55,65.55,65.8,28397000.0,2015-07-27 13:30:00
2015-07-28 13:30:00,65.75,66.3,65.5,65.85,17498000.0,2015-07-28 13:30:00
2015-07-29 13:30:00,65.9,65.9,65.1,65.4,18445000.0,2015-07-29 13:30:00
2015-07-30 13:30:00,65.6,66.55,65.55,66.5,7441000.0,2015-07-30 13:30:00
2015-07-31 13:30:00,66.5,66.55,65.8,66.15,11151000.0,2015-07-31 13:30:00
2015-08-03 13:30:00,65.9,65.9,64.9,65.25,15733000.0,2015-08-03 13:30:00
2015-08-04 13:30:00,65.5,66.0,65.0,65.3,12273000.0,2015-08-04 13:30:00
2015-08-05 13:30:00,65.55,66.0,65.3,65.7,9857000.0,2015-08-05 13:30:00
2015-08-06 13:30:00,66.0,66.05,64.55,65.0,23581000.0,2015-08-06 13:30:00
2015-08-07 13:30:00,64.5,65.0,64.2,64.7,6874000.0,2015-08-07 13:30:00
2015-08-10 13:30:00,64.6,64.75,64.0,64.55,10067000.0,2015-08-10 13:30:00
2015-08-11 13:30:00,65.3,65.8,64.4,64.55,17378000.0,2015-08-11 13:30:00
2015-08-12 13:30:00,64.25,64.45,63.0,63.45,24174000.0,2015-08-12 13:30:00
2015-08-13 13:30:00,63.45,63.9,63.35,63.55,16124000.0,2015-08-13 13:30:00
2015-08-14 13:30:00,63.45,63.75,63.15,63.3,8384000.0,2015-08-14 13:30:00
2015-08-17 13:30:00,63.3,63.3,62.7,62.9,13810000.0,2015-08-17 13:30:00
2015-08-18 13:30:00,63.0,63.3,62.45,62.55,9818000.0,2015-08-18 13:30:00
2015-08-19 13:30:00,62.4,62.5,61.3,61.6,17560000.0,2015-08-19 13:30:00
2015-08-20 13:30:00,61.25,61.85,60.95,61.4,19298000.0,2015-08-20 13:30:00
2015-08-21 13:30:00,60.6,60.75,59.8,59.8,27963000.0,2015-08-21 13:30:00
2015-08-24 13:30:00,59.1,59.1,55.4,57.5,61249000.0,2015-08-24 13:30:00
2015-08-25 13:30:00,57.5,60.0,57.5,60.0,43402000.0,2015-08-25 13:30:00
2015-08-26 13:30:00,59.3,60.5,58.65,60.35,17068000.0,2015-08-26 13:30:00
2015-08-27 13:30:00,60.6,60.65,60.0,60.15,18309000.0,2015-08-27 13:30:00
2015-08-28 13:30:00,61.0,61.9,61.0,61.8,18661000.0,2015-08-28 13:30:00
2015-08-31 13:30:00,61.3,62.35,61.2,62.3,18843000.0,2015-08-31 13:30:00
2015-09-01 13:30:00,61.9,62.6,61.5,61.75,12315000.0,2015-09-01 13:30:00
2015-09-02 13:30:00,61.1,62.3,60.95,62.1,18154000.0,2015-09-02 13:30:00
2015-09-03 13:30:00,62.35,62.4,61.6,62.15,7531000.0,2015-09-03 13:30:00
2015-09-04 13:30:00,62.15,62.55,61.35,61.35,15774000.0,2015-09-04 13:30:00
2015-09-07 13:30:00,61.3,62.3,61.1,61.25,10140000.0,2015-09-07 13:30:00
2015-09-08 13:30:00,61.5,61.65,61.1,61.45,9628000.0,2015-09-08 13:30:00
2015-09-09 13:30:00,62.65,64.15,62.65,64.15,23959000.0,2015-09-09 13:30:00
2015-09-10 13:30:00,63.8,63.8,63.15,63.45,10170000.0,2015-09-10 13:30:00
2015-09-11 13:30:00,63.3,63.7,63.05,63.5,7921000.0,2015-09-11 13:30:00
2015-09-14 13:30:00,63.9,64.0,63.25,63.65,4368000.0,2015-09-14 13:30:00
2015-09-15 13:30:00,63.75,63.85,63.05,63.15,5733000.0,2015-09-15 13:30:00
2015-09-16 13:30:00,63.65,64.0,63.4,63.9,7408000.0,2015-09-16 13:30:00
2015-09-17 13:30:00,64.5,65.15,64.5,65.0,12861000.0,2015-09-17 13:30:00
2015-09-18 13:30:00,65.0,65.0,64.55,64.85,3497000.0,2015-09-18 13:30:00
2015-09-21 13:30:00,64.05,64.1,63.2,63.45,9964000.0,2015-09-21 13:30:00
2015-09-22 13:30:00,63.55,63.95,63.55,63.8,4320000.0,2015-09-22 13:30:00
2015-09-23 13:30:00,63.2,63.2,62.2,62.35,10024000.0,2015-09-23 13:30:00
2015-09-24 13:30:00,62.55,62.85,61.9,62.0,7347000.0,2015-09-24 13:30:00
2015-09-25 13:30:00,62.15,62.35,61.6,62.25,5959000.0,2015-09-25 13:30:00
2015-09-30 13:30:00,61.45,62.6,61.45,62.4,8559000.0,2015-09-30 13:30:00
2015-10-01 13:30:00,62.6,63.7,62.2,63.6,11966000.0,2015-10-01 13:30:00
2015-10-02 13:30:00,63.35,63.6,63.1,63.25,7563000.0,2015-10-02 13:30:00
2015-10-05 13:30:00,63.8,64.0,63.25,63.4,5372000.0,2015-10-05 13:30:00
2015-10-06 13:30:00,64.15,64.7,63.85,63.9,8285000.0,2015-10-06 13:30:00
2015-10-07 13:30:00,63.9,64.85,63.9,64.85,8615000.0,2015-10-07 13:30:00
2015-10-08 13:30:00,65.1,65.3,64.6,64.7,12345000.0,2015-10-08 13:30:00
2015-10-12 13:30:00,65.05,65.9,65.05,65.55,17447000.0,2015-10-12 13:30:00
2015-10-13 13:30:00,65.6,65.65,65.15,65.3,7479000.0,2015-10-13 13:30:00
2015-10-14 13:30:00,65.3,65.3,64.95,65.05,7117000.0,2015-10-14 13:30:00
2015-10-15 13:30:00,65.65,66.35,65.65,66.0,14332000.0,2015-10-15 13:30:00
2015-10-16 13:30:00,65.95,66.0,65.6,65.75,8181000.0,2015-10-16 13:30:00
2015-10-19 13:30:00,66.0,66.2,65.7,65.95,7397000.0,2015-10-19 13:30:00
2015-10-20 13:30:00,66.0,66.1,65.8,65.95,4519000.0,2015-10-20 13:30:00
2015-10-21 13:30:00,66.1,66.15,65.4,65.5,11471000.0,2015-10-21 13:30:00
2015-10-22 13:30:00,65.3,65.6,65.25,65.5,8048000.0,2015-10-22 13:30:00
2015-10-23 13:30:00,66.2,66.5,65.85,65.9,20515000.0,2015-10-23 13:30:00
2015-10-26 13:30:00,64.5,64.85,64.45,64.55,12054000.0,2015-10-26 13:30:00
2015-10-27 13:30:00,64.5,64.55,63.95,64.2,5706000.0,2015-10-27 13:30:00
2015-10-28 13:30:00,64.2,64.25,63.6,63.75,5057000.0,2015-10-28 13:30:00
2015-10-29 13:30:00,64.1,64.3,63.1,63.3,8367000.0,2015-10-29 13:30:00
2015-10-30 13:30:00,63.3,63.45,62.8,63.2,5974000.0,2015-10-30 13:30:00
2015-11-02 13:30:00,63.1,63.4,62.6,63.3,4813000.0,2015-11-02 13:30:00
2015-11-03 13:30:00,63.8,64.4,63.8,64.3,9282000.0,2015-11-03 13:30:00
2015-11-04 13:30:00,64.75,65.6,64.7,65.55,16529000.0,2015-11-04 13:30:00
2015-11-05 13:30:00,65.65,65.65,65.25,65.4,5888000.0,2015-11-05 13:30:00
2015-11-06 13:30:00,65.4,65.4,63.65,64.1,11815000.0,2015-11-06 13:30:00
2015-11-09 13:30:00,64.0,64.35,63.6,63.65,5519000.0,2015-11-09 13:30:00
2015-11-10 13:30:00,63.3,63.4,62.85,62.9,8816000.0,2015-11-10 13:30:00
2015-11-11 13:30:00,62.9,63.0,61.95,62.15,16167000.0,2015-11-11 13:30:00
2015-11-12 13:30:00,62.2,62.4,61.85,62.25,14189000.0,2015-11-12 13:30:00
2015-11-13 13:30:00,61.8,62.45,61.55,61.6,20288000.0,2015-11-13 13:30:00
2015-11-16 13:30:00,61.2,61.3,60.6,61.15,13390000.0,2015-11-16 13:30:00
2015-11-17 13:30:00,62.0,62.6,62.0,62.35,8653000.0,2015-11-17 13:30:00
2015-11-18 13:30:00,62.35,62.35,61.2,61.4,14873000.0,2015-11-18 13:30:00
2015-11-19 13:30:00,61.95,62.3,61.55,62.3,10064000.0,2015-11-19 13:30:00
2015-11-20 13:30:00,62.35,62.5,62.05,62.3,5406000.0,2015-11-20 13:30:00
2015-11-23 13:30:00,62.6,62.75,62.15,62.6,3448000.0,2015-11-23 13:30:00
2015-11-24 13:30:00,62.5,62.65,61.85,61.95,6584000.0,2015-11-24 13:30:00
2015-11-25 13:30:00,61.85,62.1,61.5,61.95,5948000.0,2015-11-25 13:30:00
2015-11-26 13:30:00,62.3,62.95,62.3,62.8,8620000.0,2015-11-26 13:30:00
2015-11-27 13:30:00,62.9,62.9,61.8,61.95,6013000.0,2015-11-27 13:30:00
2015-11-30 13:30:00,60.9,61.2,60.45,61.2,23234000.0,2015-11-30 13:30:00
2015-12-01 13:30:00,61.7,62.45,61.45,62.4,8378000.0,2015-12-01 13:30:00
2015-12-02 13:30:00,62.45,62.75,62.15,62.3,6337000.0,2015-12-02 13:30:00
2015-12-03 13:30:00,61.9,62.55,61.7,62.4,6045000.0,2015-12-03 13:30:00
2015-12-04 13:30:00,61.95,61.95,61.4,61.75,15030000.0,2015-12-04 13:30:00
2015-12-07 13:30:00,62.2,63.0,62.2,62.5,14792000.0,2015-12-07 13:30:00
2015-12-08 13:30:00,62.25,62.3,61.2,61.5,9101000.0,2015-12-08 13:30:00
2015-12-09 13:30:00,61.2,61.35,60.7,60.75,15999000.0,2015-12-09 13:30:00
2015-12-10 13:30:00,60.4,60.75,59.75,60.55,16590000.0,2015-12-10 13:30:00
2015-12-11 13:30:00,60.55,60.7,59.8,59.85,13803000.0,2015-12-11 13:30:00
2015-12-14 13:30:00,59.25,59.65,59.0,59.4,9502000.0,2015-12-14 13:30:00
2015-12-15 13:30:00,59.7,60.05,59.35,59.45,6738000.0,2015-12-15 13:30:00
2015-12-16 13:30:00,60.0,60.4,59.7,60.35,6502000.0,2015-12-16 13:30:00
2015-12-17 13:30:00,60.55,61.05,60.35,61.05,7558000.0,2015-12-17 13:30:00
2015-12-18 13:30:00,60.85,61.25,60.5,60.75,4856000.0,2015-12-18 13:30:00
2015-12-21 13:30:00,60.05,60.75,59.9,60.65,4324000.0,2015-12-21 13:30:00
2015-12-22 13:30:00,60.7,60.9,60.4,60.8,5131000.0,2015-12-22 13:30:00
2015-12-23 13:30:00,60.95,61.3,60.8,60.9,7249000.0,2015-12-23 13:30:00
2015-12-24 13:30:00,61.35,61.65,61.2,61.2,8431000.0,2015-12-24 13:30:00
2015-12-25 13:30:00,61.2,61.6,61.2,61.6,6529000.0,2015-12-25 13:30:00
2015-12-28 13:30:00,61.7,61.7,61.4,61.45,344930300.0,2015-12-28 13:30:00
2015-12-29 13:30:00,61.4,61.4,60.8,61.0,3950000.0,2015-12-29 13:30:00
2015-12-30 13:30:00,61.15,61.15,60.45,60.55,7248000.0,2015-12-30 13:30:00
2015-12-31 13:30:00,60.55,60.95,60.5,60.75,3879000.0,2015-12-31 13:30:00
2016-01-04 13:30:00,60.8,60.95,59.05,59.55,16801000.0,2016-01-04 13:30:00
2016-01-05 13:30:00,59.5,59.75,58.85,59.05,21704000.0,2016-01-05 13:30:00
2016-01-06 13:30:00,59.05,59.05,57.9,58.45,28904000.0,2016-01-06 13:30:00
2016-01-07 13:30:00,58.3,58.3,56.7,57.35,37853000.0,2016-01-07 13:30:00
2016-01-08 13:30:00,57.0,57.7,56.85,57.45,25396000.0,2016-01-08 13:30:00
2016-01-11 13:30:00,56.9,56.95,56.0,56.55,24265000.0,2016-01-11 13:30:00
2016-01-12 13:30:00,56.8,57.0,56.3,56.5,17612000.0,2016-01-12 13:30:00
2016-01-13 13:30:00,57.0,57.5,56.75,57.15,11811000.0,2016-01-13 13:30:00
2016-01-14 13:30:00,56.5,56.7,55.85,56.7,15415000.0,2016-01-14 13:30:00
2016-01-15 13:30:00,57.1,57.5,56.25,56.7,20727000.0,2016-01-15 13:30:00
2016-01-18 13:30:00,55.9,57.3,55.8,57.1,12992000.0,2016-01-18 13:30:00
2016-01-19 13:30:00,57.0,57.25,56.65,57.25,8081000.0,2016-01-19 13:30:00
2016-01-20 13:30:00,56.85,56.85,55.6,55.9,22587000.0,2016-01-20 13:30:00
2016-01-21 13:30:00,56.1,56.3,55.6,55.8,10419000.0,2016-01-21 13:30:00
2016-01-22 13:30:00,56.35,56.6,56.0,56.55,13915000.0,2016-01-22 13:30:00
2016-01-25 13:30:00,57.0,57.8,57.0,57.55,12740000.0,2016-01-25 13:30:00
2016-01-26 13:30:00,57.0,57.15,56.7,57.0,7546000.0,2016-01-26 13:30:00
2016-01-27 13:30:00,57.4,57.45,56.95,57.25,9080000.0,2016-01-27 13:30:00
2016-01-28 13:30:00,57.15,57.75,57.0,57.55,10189000.0,2016-01-28 13:30:00
2016-01-29 13:30:00,57.5,59.1,57.25,59.0,20123000.0,2016-01-29 13:30:00
2016-02-01 13:30:00,59.5,59.6,59.1,59.55,0.0,2016-02-01 13:30:00
2016-02-02 13:30:00,59.45,59.55,59.0,59.35,4548000.0,2016-02-02 13:30:00
2016-02-03 13:30:00,59.0,59.25,58.6,58.95,6923000.0,2016-02-03 13:30:00
2016-02-15 13:30:00,58.3,59.1,58.1,59.0,7187000.0,2016-02-15 13:30:00
2016-02-16 13:30:00,59.1,60.35,59.1,60.25,17797000.0,2016-02-16 13:30:00
2016-02-17 13:30:00,60.4,60.5,59.95,59.95,12438000.0,2016-02-17 13:30:00
2016-02-18 13:30:00,60.8,61.15,60.5,60.9,16942000.0,2016-02-18 13:30:00
2016-02-19 13:30:00,60.8,61.05,60.6,60.85,11314000.0,2016-02-19 13:30:00
2016-02-22 13:30:00,60.85,61.6,60.55,60.8,11597000.0,2016-02-22 13:30:00
2016-02-23 13:30:00,61.0,61.15,60.7,60.85,4903000.0,2016-02-23 13:30:00
2016-02-24 13:30:00,60.8,61.3,60.2,60.3,7735000.0,2016-02-24 13:30:00
2016-02-25 13:30:00,60.6,61.35,60.5,61.1,16922000.0,2016-02-25 13:30:00
2016-02-26 13:30:00,61.35,61.7,60.9,61.25,14482000.0,2016-02-26 13:30:00
2016-03-01 13:30:00,61.25,61.95,61.1,61.85,17213000.0,2016-03-01 13:30:00
2016-03-02 13:30:00,62.35,62.75,62.25,62.35,22851000.0,2016-03-02 13:30:00
2016-03-03 13:30:00,62.35,63.3,62.35,62.95,32561000.0,2016-03-03 13:30:00
2016-03-04 13:30:00,62.9,63.3,62.75,63.1,24034000.0,2016-03-04 13:30:00
2016-03-07 13:30:00,63.2,63.7,62.9,63.1,21482000.0,2016-03-07 13:30:00
2016-03-08 13:30:00,63.0,63.1,62.5,63.05,13615000.0,2016-03-08 13:30:00
2016-03-09 13:30:00,63.05,63.15,62.65,63.1,8077000.0,2016-03-09 13:30:00
2016-03-10 13:30:00,63.05,63.4,62.85,63.25,21339000.0,2016-03-10 13:30:00
2016-03-11 13:30:00,63.2,63.75,63.05,63.55,22655000.0,2016-03-11 13:30:00
2016-03-14 13:30:00,64.0,64.25,63.95,64.0,25800000.0,2016-03-14 13:30:00
2016-03-15 13:30:00,64.0,64.1,63.0,63.05,18864000.0,2016-03-15 13:30:00
2016-03-16 13:30:00,63.35,63.75,63.35,63.6,36258000.0,2016-03-16 13:30:00
2016-03-17 13:30:00,64.55,64.9,64.05,64.3,20010000.0,2016-03-17 13:30:00
2016-03-18 13:30:00,64.4,64.85,64.3,64.7,30838000.0,2016-03-18 13:30:00
2016-03-21 13:30:00,64.9,65.05,64.2,64.6,6033000.0,2016-03-21 13:30:00
2016-03-22 13:30:00,64.35,64.55,63.85,64.4,8163000.0,2016-03-22 13:30:00
2016-03-23 13:30:00,64.4,64.85,64.25,64.35,11982000.0,2016-03-23 13:30:00
2016-03-24 13:30:00,64.25,64.5,63.7,64.35,8517000.0,2016-03-24 13:30:00
2016-03-25 13:30:00,64.5,64.5,63.95,64.05,3795000.0,2016-03-25 13:30:00
2016-03-28 13:30:00,64.05,64.4,63.8,64.1,7335000.0,2016-03-28 13:30:00
2016-03-29 13:30:00,64.0,64.3,63.5,63.65,10724000.0,2016-03-29 13:30:00
2016-03-30 13:30:00,64.05,64.9,64.0,64.7,29070000.0,2016-03-30 13:30:00
2016-03-31 13:30:00,65.1,65.4,64.45,64.65,16040000.0,2016-03-31 13:30:00
2016-04-01 13:30:00,64.25,64.35,63.6,63.9,4639000.0,2016-04-01 13:30:00
2016-04-06 13:30:00,63.3,63.3,62.35,62.4,8910000.0,2016-04-06 13:30:00
2016-04-07 13:30:00,62.5,62.5,61.6,62.15,20196000.0,2016-04-07 13:30:00
2016-04-08 13:30:00,61.8,62.8,61.8,62.75,6735000.0,2016-04-08 13:30:00
2016-04-11 13:30:00,62.5,63.1,62.15,63.0,5339000.0,2016-04-11 13:30:00
2016-04-12 13:30:00,63.05,63.5,62.75,62.95,2747000.0,2016-04-12 13:30:00
2016-04-13 13:30:00,63.25,64.2,63.25,64.05,11807000.0,2016-04-13 13:30:00
2016-04-14 13:30:00,64.4,64.6,64.1,64.25,8117000.0,2016-04-14 13:30:00
2016-04-15 13:30:00,63.8,64.3,63.55,64.25,11664000.0,2016-04-15 13:30:00
2016-04-18 13:30:00,64.05,64.2,63.85,63.85,2134000.0,2016-04-18 13:30:00
2016-04-19 13:30:00,64.3,64.65,63.5,63.6,5826000.0,2016-04-19 13:30:00
2016-04-20 13:30:00,63.5,64.1,62.55,62.65,8939000.0,2016-04-20 13:30:00
2016-04-21 13:30:00,62.9,63.15,62.55,62.95,2844000.0,2016-04-21 13:30:00
2016-04-22 13:30:00,62.95,63.4,62.8,63.2,2668000.0,2016-04-22 13:30:00
2016-04-25 13:30:00,63.2,63.35,62.9,63.25,2860000.0,2016-04-25 13:30:00
2016-04-26 13:30:00,63.1,63.9,63.1,63.5,4885000.0,2016-04-26 13:30:00
2016-04-27 13:30:00,63.2,63.6,63.0,63.4,2460000.0,2016-04-27 13:30:00
2016-04-28 13:30:00,63.5,63.55,62.15,62.4,10287000.0,2016-04-28 13:30:00
2016-04-29 13:30:00,61.85,62.0,61.35,61.6,7205000.0,2016-04-29 13:30:00
2016-05-03 13:30:00,61.6,61.6,60.7,60.75,9669000.0,2016-05-03 13:30:00
2016-05-04 13:30:00,60.75,60.85,59.8,60.1,14451000.0,2016-05-04 13:30:00
2016-05-05 13:30:00,60.1,60.25,59.65,60.2,14511000.0,2016-05-05 13:30:00
2016-05-06 13:30:00,60.0,60.0,59.45,59.7,21974000.0,2016-05-06 13:30:00
2016-05-09 13:30:00,59.9,60.0,59.4,59.7,14462000.0,2016-05-09 13:30:00
2016-05-10 13:30:00,59.7,60.2,59.4,60.0,13140000.0,2016-05-10 13:30:00
2016-05-11 13:30:00,60.2,60.3,59.55,59.85,19017000.0,2016-05-11 13:30:00
2016-05-12 13:30:00,59.7,60.0,59.65,59.8,13360000.0,2016-05-12 13:30:00
2016-05-13 13:30:00,59.55,59.55,59.0,59.15,29639000.0,2016-05-13 13:30:00
2016-05-16 13:30:00,59.15,59.7,59.1,59.6,6628000.0,2016-05-16 13:30:00
2016-05-17 13:30:00,59.65,60.1,59.25,60.05,12335000.0,2016-05-17 13:30:00
2016-05-18 13:30:00,59.7,60.0,59.25,59.95,8561000.0,2016-05-18 13:30:00
2016-05-19 13:30:00,60.0,60.05,59.3,59.65,7901000.0,2016-05-19 13:30:00
2016-05-20 13:30:00,59.85,60.3,59.6,60.0,8106000.0,2016-05-20 13:30:00
2016-05-23 13:30:00,60.1,62.0,59.85,62.0,21621000.0,2016-05-23 13:30:00
2016-05-24 13:30:00,61.75,61.85,61.35,61.35,6393000.0,2016-05-24 13:30:00
2016-05-25 13:30:00,61.75,62.25,61.75,62.0,25843000.0,2016-05-25 13:30:00
2016-05-26 13:30:00,62.05,62.15,61.8,62.15,26033000.0,2016-05-26 13:30:00
2016-05-27 13:30:00,62.4,62.65,62.2,62.6,25697000.0,2016-05-27 13:30:00
2016-05-30 13:30:00,62.6,63.35,62.5,63.15,26891000.0,2016-05-30 13:30:00
2016-05-31 13:30:00,63.05,63.35,62.8,63.15,8663000.0,2016-05-31 13:30:00
2016-06-01 13:30:00,62.95,63.85,62.95,63.7,24969000.0,2016-06-01 13:30:00
2016-06-02 13:30:00,63.7,64.05,63.4,63.7,13712000.0,2016-06-02 13:30:00
2016-06-03 13:30:00,63.6,64.0,63.6,63.85,11778000.0,2016-06-03 13:30:00
2016-06-06 13:30:00,64.0,64.6,63.65,64.05,12978000.0,2016-06-06 13:30:00
2016-06-07 13:30:00,64.3,64.95,64.3,64.9,30811000.0,2016-06-07 13:30:00
2016-06-08 13:30:00,65.0,65.55,65.0,65.25,26031000.0,2016-06-08 13:30:00
2016-06-13 13:30:00,64.3,64.45,63.7,63.75,9485000.0,2016-06-13 13:30:00
2016-06-14 13:30:00,63.5,64.2,63.5,64.15,6399000.0,2016-06-14 13:30:00
2016-06-15 13:30:00,64.15,64.4,63.6,64.25,22575000.0,2016-06-15 13:30:00
2016-06-16 13:30:00,64.1,64.1,63.0,63.35,8984000.0,2016-06-16 13:30:00
2016-06-17 13:30:00,63.85,64.4,63.85,64.05,5794000.0,2016-06-17 13:30:00
2016-06-20 13:30:00,64.5,64.65,64.35,64.5,10282000.0,2016-06-20 13:30:00
2016-06-21 13:30:00,64.5,64.95,64.45,64.75,18105000.0,2016-06-21 13:30:00
2016-06-22 13:30:00,64.75,64.95,64.55,64.95,10547000.0,2016-06-22 13:30:00
2016-06-23 13:30:00,64.8,64.85,64.55,64.8,32161000.0,2016-06-23 13:30:00
2016-06-24 13:30:00,64.75,64.9,62.05,63.1,31617000.0,2016-06-24 13:30:00
2016-06-27 13:30:00,63.2,63.75,63.0,63.75,4912000.0,2016-06-27 13:30:00
2016-06-28 13:30:00,63.1,64.05,63.05,64.0,5337000.0,2016-06-28 13:30:00
2016-06-29 13:30:00,64.15,65.0,64.15,64.7,9094000.0,2016-06-29 13:30:00
2016-06-30 13:30:00,65.15,65.45,64.65,65.45,25327000.0,2016-06-30 13:30:00
2016-07-01 13:30:00,65.85,66.4,65.65,66.25,30641000.0,2016-07-01 13:30:00
2016-07-04 13:30:00,66.1,66.75,66.0,66.3,9955000.0,2016-07-04 13:30:00
2016-07-05 13:30:00,66.2,66.25,65.85,66.1,5983000.0,2016-07-05 13:30:00
2016-07-06 13:30:00,65.6,65.6,64.7,64.9,8717000.0,2016-07-06 13:30:00
2016-07-07 13:30:00,65.45,65.75,65.35,65.7,6580000.0,2016-07-07 13:30:00
2016-07-11 13:30:00,66.7,67.25,66.7,67.0,22188000.0,2016-07-11 13:30:00
2016-07-12 13:30:00,67.15,67.6,67.15,67.6,15371000.0,2016-07-12 13:30:00
2016-07-13 13:30:00,67.85,67.9,67.1,67.65,9413000.0,2016-07-13 13:30:00
2016-07-14 13:30:00,67.5,67.85,67.3,67.7,10100000.0,2016-07-14 13:30:00
2016-07-15 13:30:00,67.8,68.5,67.8,68.5,15521000.0,2016-07-15 13:30:00
2016-07-18 13:30:00,68.45,69.15,68.45,69.15,36810000.0,2016-07-18 13:30:00
2016-07-19 13:30:00,69.2,69.3,68.8,69.25,17022000.0,2016-07-19 13:30:00
2016-07-20 13:30:00,69.0,69.3,68.8,69.2,24702000.0,2016-07-20 13:30:00
2016-07-21 13:30:00,69.45,69.9,69.35,69.55,9929000.0,2016-07-21 13:30:00
2016-07-22 13:30:00,69.55,69.7,69.2,69.3,3234000.0,2016-07-22 13:30:00
2016-07-25 13:30:00,69.5,69.95,68.35,69.0,11640000.0,2016-07-25 13:30:00
2016-07-26 13:30:00,69.0,69.4,68.85,69.4,13159000.0,2016-07-26 13:30:00
2016-07-27 13:30:00,69.65,69.95,69.5,69.7,11051000.0,2016-07-27 13:30:00
2016-07-28 13:30:00,69.0,69.25,68.6,69.05,10930000.0,2016-07-28 13:30:00
2016-07-29 13:30:00,68.85,69.2,68.55,68.55,19371000.0,2016-07-29 13:30:00
2016-08-01 13:30:00,68.8,69.45,68.8,69.3,10386000.0,2016-08-01 13:30:00
2016-08-02 13:30:00,69.25,69.4,69.1,69.3,7103000.0,2016-08-02 13:30:00
2016-08-03 13:30:00,68.5,68.9,68.05,68.75,13779000.0,2016-08-03 13:30:00
2016-08-04 13:30:00,68.85,68.95,68.35,68.9,10669000.0,2016-08-04 13:30:00
2016-08-05 13:30:00,69.1,69.75,68.9,69.6,12406000.0,2016-08-05 13:30:00
2016-08-08 13:30:00,70.0,70.25,69.7,70.05,7891000.0,2016-08-08 13:30:00
2016-08-09 13:30:00,70.0,70.45,69.95,70.4,11552000.0,2016-08-09 13:30:00
2016-08-10 13:30:00,70.3,70.6,70.05,70.6,6478000.0,2016-08-10 13:30:00
2016-08-11 13:30:00,70.2,70.55,69.45,69.95,10894000.0,2016-08-11 13:30:00
2016-08-12 13:30:00,70.15,70.5,70.05,70.2,5245000.0,2016-08-12 13:30:00
2016-08-15 13:30:00,70.2,70.5,69.9,70.35,4782000.0,2016-08-15 13:30:00
2016-08-16 13:30:00,70.3,70.5,69.7,69.95,4417000.0,2016-08-16 13:30:00
2016-08-17 13:30:00,69.9,70.1,69.75,70.05,8914000.0,2016-08-17 13:30:00
2016-08-18 13:30:00,70.0,70.15,69.8,69.9,3267000.0,2016-08-18 13:30:00
2016-08-19 13:30:00,69.9,70.45,69.2,69.2,8283000.0,2016-08-19 13:30:00
2016-08-22 13:30:00,69.0,69.15,68.45,68.7,7037000.0,2016-08-22 13:30:00
2016-08-23 13:30:00,68.9,69.6,68.9,69.4,7077000.0,2016-08-23 13:30:00
2016-08-24 13:30:00,69.35,69.55,69.2,69.2,5066000.0,2016-08-24 13:30:00
2016-08-25 13:30:00,69.3,70.15,69.3,70.0,8001000.0,2016-08-25 13:30:00
2016-08-26 13:30:00,69.95,70.3,69.8,70.1,2980000.0,2016-08-26 13:30:00
2016-08-29 13:30:00,69.9,70.15,69.2,70.05,3545000.0,2016-08-29 13:30:00
2016-08-30 13:30:00,70.0,70.25,69.8,70.0,3784000.0,2016-08-30 13:30:00
2016-08-31 13:30:00,69.85,70.05,69.3,69.4,5196000.0,2016-08-31 13:30:00
2016-09-01 13:30:00,69.3,69.3,68.6,69.05,5958000.0,2016-09-01 13:30:00
2016-09-02 13:30:00,69.1,69.3,68.8,69.15,2604000.0,2016-09-02 13:30:00
2016-09-05 13:30:00,69.8,70.3,69.8,70.3,8506000.0,2016-09-05 13:30:00
2016-09-06 13:30:00,70.25,70.9,70.25,70.85,7299000.0,2016-09-06 13:30:00
2016-09-07 13:30:00,70.95,71.9,70.95,71.85,9672000.0,2016-09-07 13:30:00
2016-09-08 13:30:00,71.8,71.8,71.4,71.6,4639000.0,2016-09-08 13:30:00
2016-09-09 13:30:00,70.9,70.9,70.35,70.4,5208000.0,2016-09-09 13:30:00
2016-09-12 13:30:00,69.35,69.35,68.7,68.85,7222000.0,2016-09-12 13:30:00
2016-09-13 13:30:00,69.1,69.2,68.2,68.85,7108000.0,2016-09-13 13:30:00
2016-09-14 13:30:00,68.5,69.05,68.45,68.45,5610000.0,2016-09-14 13:30:00
2016-09-19 13:30:00,69.4,71.0,69.4,71.0,9852000.0,2016-09-19 13:30:00
2016-09-20 13:30:00,70.9,71.0,70.6,70.9,2785000.0,2016-09-20 13:30:00
2016-09-21 13:30:00,70.75,71.35,70.55,71.25,12142000.0,2016-09-21 13:30:00
2016-09-22 13:30:00,71.9,72.0,71.25,71.4,4919000.0,2016-09-22 13:30:00
2016-09-23 13:30:00,71.5,71.9,71.4,71.9,4202000.0,2016-09-23 13:30:00
2016-09-26 13:30:00,71.5,71.5,71.0,71.0,3724000.0,2016-09-26 13:30:00
2016-09-29 13:30:00,71.85,72.15,71.4,71.9,9617000.0,2016-09-29 13:30:00
2016-09-30 13:30:00,71.15,71.35,70.8,70.95,5830000.0,2016-09-30 13:30:00
2016-10-03 13:30:00,71.2,71.6,71.1,71.45,3875000.0,2016-10-03 13:30:00
2016-10-04 13:30:00,71.45,71.75,71.3,71.75,5150000.0,2016-10-04 13:30:00
2016-10-05 13:30:00,71.6,71.85,71.45,71.5,2830000.0,2016-10-05 13:30:00
2016-10-06 13:30:00,71.7,71.75,71.45,71.7,2066000.0,2016-10-06 13:30:00
2016-10-07 13:30:00,71.6,71.8,71.6,71.65,3047000.0,2016-10-07 13:30:00
2016-10-11 13:30:00,72.35,72.45,71.2,71.45,6939000.0,2016-10-11 13:30:00
2016-10-12 13:30:00,71.5,72.3,71.35,72.25,6044000.0,2016-10-12 13:30:00
2016-10-13 13:30:00,72.2,72.3,71.45,71.7,5446000.0,2016-10-13 13:30:00
2016-10-14 13:30:00,71.3,71.9,71.3,71.45,3623000.0,2016-10-14 13:30:00
2016-10-17 13:30:00,71.45,71.6,70.6,71.45,4417000.0,2016-10-17 13:30:00
2016-10-18 13:30:00,71.5,71.95,71.3,71.95,3610000.0,2016-10-18 13:30:00
2016-10-19 13:30:00,72.0,72.6,72.0,72.35,21565000.0,2016-10-19 13:30:00
2016-10-20 13:30:00,72.35,72.75,72.35,72.65,4827000.0,2016-10-20 13:30:00
2016-10-21 13:30:00,72.65,73.05,72.55,72.6,4228000.0,2016-10-21 13:30:00
2016-10-24 13:30:00,72.85,72.95,72.6,72.7,3253000.0,2016-10-24 13:30:00
2016-10-25 13:30:00,72.85,73.5,72.85,73.4,3699000.0,2016-10-25 13:30:00
2016-10-26 13:30:00,73.0,73.15,72.9,73.0,2862000.0,2016-10-26 13:30:00
2016-10-27 13:30:00,73.0,73.15,72.4,72.6,3160000.0,2016-10-27 13:30:00
2016-10-28 13:30:00,72.6,72.75,72.45,72.6,4268000.0,2016-10-28 13:30:00
2016-10-31 13:30:00,72.25,72.7,71.7,72.6,5457000.0,2016-10-31 13:30:00
2016-11-01 13:30:00,72.25,72.6,72.1,72.6,2020000.0,2016-11-01 13:30:00
2016-11-02 13:30:00,71.95,72.0,71.6,71.75,5477000.0,2016-11-02 13:30:00
2016-11-03 13:30:00,71.45,71.6,71.1,71.2,4537000.0,2016-11-03 13:30:00
2016-11-04 13:30:00,71.0,71.2,70.85,71.0,4336000.0,2016-11-04 13:30:00
2016-11-07 13:30:00,71.8,72.0,71.45,72.0,3227000.0,2016-11-07 13:30:00
2016-11-08 13:30:00,72.15,72.4,72.0,72.35,2688000.0,2016-11-08 13:30:00
2016-11-09 13:30:00,72.85,73.05,70.0,70.0,19902000.0,2016-11-09 13:30:00
2016-11-10 13:30:00,71.8,72.1,71.75,72.0,6671000.0,2016-11-10 13:30:00
2016-11-11 13:30:00,70.35,70.7,69.95,70.05,8296000.0,2016-11-11 13:30:00
2016-11-14 13:30:00,69.95,70.3,69.45,70.1,7099000.0,2016-11-14 13:30:00
2016-11-15 13:30:00,69.8,70.1,69.75,69.9,4007000.0,2016-11-15 13:30:00
2016-11-16 13:30:00,70.2,70.5,69.95,70.0,24722000.0,2016-11-16 13:30:00
2016-11-17 13:30:00,70.0,70.2,69.75,70.2,3303000.0,2016-11-17 13:30:00
2016-11-18 13:30:00,70.1,70.4,69.9,70.4,2111000.0,2016-11-18 13:30:00
2016-11-21 13:30:00,70.3,70.5,70.1,70.5,2643000.0,2016-11-21 13:30:00
2016-11-22 13:30:00,70.75,71.65,70.75,71.45,5275000.0,2016-11-22 13:30:00
2016-11-23 13:30:00,71.5,71.9,71.45,71.8,1902000.0,2016-11-23 13:30:00
2016-11-24 13:30:00,71.6,71.6,71.2,71.4,2295000.0,2016-11-24 13:30:00
2016-11-25 13:30:00,71.35,71.65,71.25,71.35,2641000.0,2016-11-25 13:30:00
2016-11-28 13:30:00,71.35,72.0,71.35,71.75,2642000.0,2016-11-28 13:30:00
2016-11-29 13:30:00,71.9,72.0,71.65,71.65,1414000.0,2016-11-29 13:30:00
2016-11-30 13:30:00,71.7,71.9,71.5,71.7,1913000.0,2016-11-30 13:30:00
2016-12-01 13:30:00,71.6,72.1,71.6,72.0,1947000.0,2016-12-01 13:30:00
2016-12-02 13:30:00,71.2,71.2,70.9,71.2,3302000.0,2016-12-02 13:30:00
2016-12-05 13:30:00,71.2,71.2,70.8,71.1,1382000.0,2016-12-05 13:30:00
2016-12-06 13:30:00,71.8,72.2,71.75,72.0,2430000.0,2016-12-06 13:30:00
2016-12-07 13:30:00,72.2,72.35,71.9,72.0,1462000.0,2016-12-07 13:30:00
2016-12-08 13:30:00,72.3,73.0,72.3,72.9,6068000.0,2016-12-08 13:30:00
2016-12-09 13:30:00,73.05,73.2,72.95,73.15,5410000.0,2016-12-09 13:30:00
2016-12-12 13:30:00,73.3,73.55,72.75,72.85,3199000.0,2016-12-12 13:30:00
2016-12-13 13:30:00,72.85,73.0,72.65,72.95,2543000.0,2016-12-13 13:30:00
2016-12-14 13:30:00,73.2,73.3,72.9,73.1,2820000.0,2016-12-14 13:30:00
2016-12-15 13:30:00,72.55,73.0,72.4,73.0,3013000.0,2016-12-15 13:30:00
2016-12-16 13:30:00,72.8,72.8,72.3,72.3,2143000.0,2016-12-16 13:30:00
2016-12-19 13:30:00,72.25,72.3,71.85,71.85,2669000.0,2016-12-19 13:30:00
2016-12-20 13:30:00,71.95,71.95,71.55,71.75,2025000.0,2016-12-20 13:30:00
2016-12-21 13:30:00,71.75,71.85,71.5,71.7,9311000.0,2016-12-21 13:30:00
2016-12-22 13:30:00,71.55,71.55,70.8,70.8,4961000.0,2016-12-22 13:30:00
2016-12-23 13:30:00,70.6,70.85,70.35,70.55,5117000.0,2016-12-23 13:30:00
2016-12-26 13:30:00,70.65,70.8,70.55,70.8,2101000.0,2016-12-26 13:30:00
2016-12-27 13:30:00,70.8,70.9,70.65,70.75,2491000.0,2016-12-27 13:30:00
2016-12-28 13:30:00,70.85,71.6,70.85,71.6,3677000.0,2016-12-28 13:30:00
2016-12-29 13:30:00,71.45,71.45,71.2,71.25,1897000.0,2016-12-29 13:30:00
2016-12-30 13:30:00,71.65,72.0,71.55,71.8,2715000.0,2016-12-30 13:30:00
2017-01-03 13:30:00,71.7,71.9,71.5,71.9,2324000.0,2017-01-03 13:30:00
2017-01-04 13:30:00,72.0,72.1,71.75,71.85,4274000.0,2017-01-04 13:30:00
2017-01-05 13:30:00,71.85,72.5,71.8,72.5,4559000.0,2017-01-05 13:30:00
2017-01-06 13:30:00,72.45,72.75,72.45,72.65,3746000.0,2017-01-06 13:30:00
2017-01-09 13:30:00,72.75,72.95,72.3,72.45,5032000.0,2017-01-09 13:30:00
2017-01-10 13:30:00,72.45,72.6,72.4,72.4,1854000.0,2017-01-10 13:30:00
2017-01-11 13:30:00,72.8,72.85,72.4,72.4,1892000.0,2017-01-11 13:30:00
2017-01-12 13:30:00,72.6,73.3,72.6,73.15,4849000.0,2017-01-12 13:30:00
2017-01-13 13:30:00,72.8,72.8,72.6,72.6,3900000.0,2017-01-13 13:30:00
2017-01-16 13:30:00,72.4,72.4,71.8,72.0,2406000.0,2017-01-16 13:30:00
2017-01-17 13:30:00,72.0,72.4,72.0,72.3,1569000.0,2017-01-17 13:30:00
2017-01-18 13:30:00,72.2,72.2,72.05,72.15,3830000.0,2017-01-18 13:30:00
2017-01-19 13:30:00,71.85,72.1,71.6,71.95,4061000.0,2017-01-19 13:30:00
2017-01-20 13:30:00,71.95,72.25,71.95,72.15,2414000.0,2017-01-20 13:30:00
2017-01-23 13:30:00,72.55,73.0,72.55,72.75,5958000.0,2017-01-23 13:30:00
2017-01-24 13:30:00,73.0,73.3,72.9,73.3,4541000.0,2017-01-24 13:30:00
2017-02-02 13:30:00,73.5,73.65,72.75,72.9,6981000.0,2017-02-02 13:30:00
2017-02-03 13:30:00,72.95,73.15,72.65,72.85,2799000.0,2017-02-03 13:30:00
2017-02-06 13:30:00,73.0,73.4,72.95,73.25,2933000.0,2017-02-06 13:30:00
2017-02-07 13:30:00,73.1,73.45,73.1,73.3,4278000.0,2017-02-07 13:30:00
2017-02-08 13:30:00,71.9,71.9,71.35,71.75,4425000.0,2017-02-08 13:30:00
2017-02-09 13:30:00,71.75,72.2,71.65,72.0,3539000.0,2017-02-09 13:30:00
2017-02-10 13:30:00,72.1,72.95,72.1,72.8,4850000.0,2017-02-10 13:30:00
2017-02-13 13:30:00,72.8,73.1,72.8,72.95,3320000.0,2017-02-13 13:30:00
2017-02-14 13:30:00,73.4,73.5,73.1,73.2,6045000.0,2017-02-14 13:30:00
2017-02-15 13:30:00,73.3,73.9,73.2,73.9,9375000.0,2017-02-15 13:30:00
2017-02-16 13:30:00,74.0,74.2,73.35,73.45,5456000.0,2017-02-16 13:30:00
2017-02-17 13:30:00,73.65,73.7,73.35,73.35,5185000.0,2017-02-17 13:30:00
2017-02-21 13:30:00,73.2,73.4,73.05,73.25,3332000.0,2017-02-21 13:30:00
2017-02-22 13:30:00,73.6,73.7,73.15,73.3,2931000.0,2017-02-22 13:30:00
2017-02-23 13:30:00,73.25,73.55,73.1,73.1,2326000.0,2017-02-23 13:30:00
2017-02-24 13:30:00,73.05,73.3,72.85,73.15,1839000.0,2017-02-24 13:30:00
2017-03-01 13:30:00,73.1,73.1,72.35,72.35,3092000.0,2017-03-01 13:30:00
2017-03-02 13:30:00,72.95,73.25,72.25,72.55,7048000.0,2017-03-02 13:30:00
2017-03-03 13:30:00,72.3,72.35,72.0,72.1,4373000.0,2017-03-03 13:30:00
2017-03-06 13:30:00,72.05,72.25,72.0,72.15,2163000.0,2017-03-06 13:30:00
2017-03-07 13:30:00,72.25,72.6,72.25,72.45,2019000.0,2017-03-07 13:30:00
2017-03-08 13:30:00,72.65,72.85,72.45,72.85,2176000.0,2017-03-08 13:30:00
2017-03-09 13:30:00,72.6,72.6,71.95,72.05,3367000.0,2017-03-09 13:30:00
2017-03-10 13:30:00,71.95,72.05,71.55,72.0,5412000.0,2017-03-10 13:30:00
2017-03-13 13:30:00,72.15,72.5,72.15,72.5,2505000.0,2017-03-13 13:30:00
2017-03-14 13:30:00,72.6,73.1,72.6,73.0,3933000.0,2017-03-14 13:30:00
2017-03-15 13:30:00,72.8,73.0,72.6,72.85,3479000.0,2017-03-15 13:30:00
2017-03-16 13:30:00,73.3,73.85,73.3,73.8,7520000.0,2017-03-16 13:30:00
2017-03-17 13:30:00,73.85,74.1,73.75,74.0,5236000.0,2017-03-17 13:30:00
2017-03-20 13:30:00,73.95,74.15,73.85,73.95,5045000.0,2017-03-20 13:30:00
2017-03-21 13:30:00,74.3,74.9,74.3,74.9,8495000.0,2017-03-21 13:30:00
2017-03-22 13:30:00,74.25,74.25,74.0,74.2,4927000.0,2017-03-22 13:30:00
2017-03-23 13:30:00,74.6,74.65,74.15,74.35,4096000.0,2017-03-23 13:30:00
2017-03-24 13:30:00,74.35,74.4,74.1,74.25,3292000.0,2017-03-24 13:30:00
2017-03-27 13:30:00,74.0,74.4,73.85,74.2,2464000.0,2017-03-27 13:30:00
2017-03-28 13:30:00,74.55,74.6,73.95,74.25,5556000.0,2017-03-28 13:30:00
2017-03-29 13:30:00,74.45,74.5,74.0,74.0,2452000.0,2017-03-29 13:30:00
2017-03-30 13:30:00,74.0,74.25,73.9,73.9,2176000.0,2017-03-30 13:30:00
2017-03-31 13:30:00,73.95,74.1,73.7,73.7,1995000.0,2017-03-31 13:30:00
2017-04-05 13:30:00,73.95,74.8,73.95,74.65,3580000.0,2017-04-05 13:30:00
2017-04-06 13:30:00,74.8,74.8,74.3,74.4,2799000.0,2017-04-06 13:30:00
2017-04-07 13:30:00,74.3,74.3,73.4,74.1,1875000.0,2017-04-07 13:30:00
2017-04-10 13:30:00,74.1,74.25,74.0,74.2,1052000.0,2017-04-10 13:30:00
2017-04-11 13:30:00,74.1,74.4,73.75,73.9,1259000.0,2017-04-11 13:30:00
2017-04-12 13:30:00,73.9,74.1,73.65,74.05,1930000.0,2017-04-12 13:30:00
2017-04-13 13:30:00,73.9,74.45,73.9,74.4,6000000.0,2017-04-13 13:30:00
2017-04-14 13:30:00,73.9,73.9,73.5,73.55,2645000.0,2017-04-14 13:30:00
2017-04-17 13:30:00,73.55,73.8,73.35,73.6,5331000.0,2017-04-17 13:30:00
2017-04-18 13:30:00,73.85,74.0,73.5,73.6,4091000.0,2017-04-18 13:30:00
2017-04-19 13:30:00,73.1,73.25,72.65,72.8,9143000.0,2017-04-19 13:30:00
2017-04-20 13:30:00,72.55,72.9,72.5,72.8,3124000.0,2017-04-20 13:30:00
2017-04-21 13:30:00,73.25,73.5,73.1,73.5,3227000.0,2017-04-21 13:30:00
2017-04-24 13:30:00,73.9,73.95,73.45,73.65,4304000.0,2017-04-24 13:30:00
2017-04-25 13:30:00,73.85,74.4,73.7,74.35,5675000.0,2017-04-25 13:30:00
2017-04-26 13:30:00,74.7,74.7,74.4,74.55,4110000.0,2017-04-26 13:30:00
2017-04-27 13:30:00,74.35,74.5,74.15,74.5,3679000.0,2017-04-27 13:30:00
2017-04-28 13:30:00,74.5,74.6,74.3,74.55,4388000.0,2017-04-28 13:30:00
2017-05-02 13:30:00,75.0,75.4,75.0,75.2,15716000.0,2017-05-02 13:30:00
2017-05-03 13:30:00,75.3,75.65,75.3,75.55,4698000.0,2017-05-03 13:30:00
2017-05-04 13:30:00,75.55,75.65,75.35,75.65,3990000.0,2017-05-04 13:30:00
2017-05-05 13:30:00,75.45,75.45,75.1,75.15,5276000.0,2017-05-05 13:30:00
2017-05-08 13:30:00,75.55,75.7,75.25,75.7,4073000.0,2017-05-08 13:30:00
2017-05-09 13:30:00,75.7,76.5,75.7,75.95,4182000.0,2017-05-09 13:30:00
2017-05-10 13:30:00,76.15,76.35,76.0,76.25,1752000.0,2017-05-10 13:30:00
2017-05-11 13:30:00,76.1,76.5,76.0,76.5,2002000.0,2017-05-11 13:30:00
2017-05-12 13:30:00,76.25,76.5,76.15,76.3,2804000.0,2017-05-12 13:30:00
2017-05-15 13:30:00,76.3,76.55,76.2,76.5,1276000.0,2017-05-15 13:30:00
2017-05-16 13:30:00,76.5,76.6,76.25,76.5,1590000.0,2017-05-16 13:30:00
2017-05-17 13:30:00,76.3,76.4,76.05,76.3,1324000.0,2017-05-17 13:30:00
2017-05-18 13:30:00,75.65,75.9,75.3,75.9,4265000.0,2017-05-18 13:30:00
2017-05-19 13:30:00,75.65,75.9,75.65,75.85,1158000.0,2017-05-19 13:30:00
2017-05-22 13:30:00,75.95,76.15,75.75,76.05,2570000.0,2017-05-22 13:30:00
2017-05-23 13:30:00,76.05,76.45,76.0,76.35,3838000.0,2017-05-23 13:30:00
2017-05-24 13:30:00,76.35,76.45,76.25,76.3,2884000.0,2017-05-24 13:30:00
2017-05-25 13:30:00,76.7,77.0,76.45,77.0,4668000.0,2017-05-25 13:30:00
2017-05-26 13:30:00,77.0,77.15,76.75,76.95,4013000.0,2017-05-26 13:30:00
2017-05-31 13:30:00,76.95,77.5,76.4,76.5,2690000.0,2017-05-31 13:30:00
2017-06-01 13:30:00,76.5,76.9,76.5,76.9,2212000.0,2017-06-01 13:30:00
2017-06-02 13:30:00,77.3,77.3,77.05,77.2,3536000.0,2017-06-02 13:30:00
2017-06-05 13:30:00,77.35,78.0,77.25,78.0,3273000.0,2017-06-05 13:30:00
2017-06-06 13:30:00,77.95,77.95,77.7,77.95,1192000.0,2017-06-06 13:30:00
2017-06-07 13:30:00,77.9,78.1,77.7,77.95,1840000.0,2017-06-07 13:30:00
2017-06-08 13:30:00,77.95,78.25,77.8,78.25,1878000.0,2017-06-08 13:30:00
2017-06-09 13:30:00,78.05,78.35,77.95,78.0,3002000.0,2017-06-09 13:30:00
2017-06-12 13:30:00,77.15,77.5,77.05,77.15,3287000.0,2017-06-12 13:30:00
2017-06-13 13:30:00,77.15,77.3,77.0,77.25,1611000.0,2017-06-13 13:30:00
2017-06-14 13:30:00,77.4,77.4,76.5,76.85,3372000.0,2017-06-14 13:30:00
2017-06-15 13:30:00,76.8,76.9,76.6,76.9,1494000.0,2017-06-15 13:30:00
2017-06-16 13:30:00,76.9,77.7,76.85,77.7,4222000.0,2017-06-16 13:30:00
2017-06-19 13:30:00,77.7,78.55,77.7,78.55,5128000.0,2017-06-19 13:30:00
2017-06-20 13:30:00,78.6,79.65,78.6,79.45,4035000.0,2017-06-20 13:30:00
2017-06-21 13:30:00,79.2,79.9,78.85,79.55,13604000.0,2017-06-21 13:30:00
2017-06-22 13:30:00,79.6,79.85,79.55,79.75,6105000.0,2017-06-22 13:30:00
2017-06-23 13:30:00,79.75,80.05,79.65,79.7,8509000.0,2017-06-23 13:30:00
2017-06-26 13:30:00,79.8,81.5,79.8,81.4,14236000.0,2017-06-26 13:30:00
2017-06-27 13:30:00,81.4,81.5,81.0,81.3,3014000.0,2017-06-27 13:30:00
2017-06-28 13:30:00,80.9,81.05,80.3,80.55,6279000.0,2017-06-28 13:30:00
2017-06-29 13:30:00,81.0,81.05,80.5,80.65,1418000.0,2017-06-29 13:30:00
2017-06-30 13:30:00,80.1,80.4,79.8,80.4,3063000.0,2017-06-30 13:30:00
2017-07-03 13:30:00,80.4,80.6,80.2,80.45,1543000.0,2017-07-03 13:30:00
2017-07-04 13:30:00,80.45,80.6,80.0,80.0,1226000.0,2017-07-04 13:30:00
2017-07-05 13:30:00,80.1,80.75,79.75,80.75,2262000.0,2017-07-05 13:30:00
2017-07-06 13:30:00,80.75,80.75,80.2,80.4,2486000.0,2017-07-06 13:30:00
2017-07-07 13:30:00,80.25,80.25,79.8,79.95,3553000.0,2017-07-07 13:30:00
2017-07-10 13:30:00,80.0,80.45,80.0,80.35,3516000.0,2017-07-10 13:30:00
2017-07-11 13:30:00,80.7,81.55,80.55,81.55,4121000.0,2017-07-11 13:30:00
2017-07-12 13:30:00,81.5,81.8,81.3,81.55,3930000.0,2017-07-12 13:30:00
2017-07-13 13:30:00,81.95,82.4,81.75,82.2,3982000.0,2017-07-13 13:30:00
2017-07-14 13:30:00,82.0,82.15,81.8,82.05,2271000.0,2017-07-14 13:30:00
2017-07-17 13:30:00,82.5,82.55,82.0,82.2,2679000.0,2017-07-17 13:30:00
2017-07-18 13:30:00,82.2,82.4,81.85,82.4,3266000.0,2017-07-18 13:30:00
2017-07-19 13:30:00,82.35,83.0,82.35,82.7,7255000.0,2017-07-19 13:30:00
2017-07-20 13:30:00,82.85,82.9,82.55,82.65,2015000.0,2017-07-20 13:30:00
2017-07-21 13:30:00,82.6,82.6,82.05,82.1,4456000.0,2017-07-21 13:30:00
2017-07-24 13:30:00,81.95,82.3,81.75,82.3,2358000.0,2017-07-24 13:30:00
2017-07-25 13:30:00,82.3,82.5,82.1,82.45,2118000.0,2017-07-25 13:30:00
2017-07-26 13:30:00,82.55,82.75,82.05,82.15,2347000.0,2017-07-26 13:30:00
2017-07-27 13:30:00,82.2,83.0,82.2,83.0,2191000.0,2017-07-27 13:30:00
2017-07-28 13:30:00,82.4,82.45,81.95,82.1,4393000.0,2017-07-28 13:30:00
2017-07-31 13:30:00,81.45,81.5,81.05,81.35,2799000.0,2017-07-31 13:30:00
2017-08-01 13:30:00,82.15,82.15,81.55,81.8,2624000.0,2017-08-01 13:30:00
2017-08-02 13:30:00,82.0,82.65,82.0,82.5,5038000.0,2017-08-02 13:30:00
2017-08-03 13:30:00,81.85,82.35,81.7,82.2,4014000.0,2017-08-03 13:30:00
2017-08-04 13:30:00,82.15,82.35,82.05,82.35,1136000.0,2017-08-04 13:30:00
2017-08-07 13:30:00,82.45,83.0,82.45,82.95,4099000.0,2017-08-07 13:30:00
2017-08-08 13:30:00,83.05,83.25,82.55,82.9,2978000.0,2017-08-08 13:30:00
2017-08-09 13:30:00,82.55,82.6,82.05,82.15,3107000.0,2017-08-09 13:30:00
2017-08-10 13:30:00,82.35,82.45,81.35,81.6,3146000.0,2017-08-10 13:30:00
2017-08-11 13:30:00,80.85,81.35,80.75,81.25,2726000.0,2017-08-11 13:30:00
2017-08-14 13:30:00,81.45,81.6,80.75,80.75,2192000.0,2017-08-14 13:30:00
2017-08-15 13:30:00,81.3,81.5,80.95,81.3,2696000.0,2017-08-15 13:30:00
2017-08-16 13:30:00,81.15,81.25,80.6,81.0,6231000.0,2017-08-16 13:30:00
2017-08-17 13:30:00,81.25,81.7,81.15,81.65,1928000.0,2017-08-17 13:30:00
2017-08-18 13:30:00,81.0,81.15,80.65,81.15,2303000.0,2017-08-18 13:30:00
2017-08-21 13:30:00,81.05,81.2,80.75,81.05,2036000.0,2017-08-21 13:30:00
2017-08-22 13:30:00,81.45,81.9,81.45,81.85,3968000.0,2017-08-22 13:30:00
2017-08-23 13:30:00,82.0,82.25,81.75,81.75,5494000.0,2017-08-23 13:30:00
2017-08-24 13:30:00,81.85,82.55,81.85,82.55,3479000.0,2017-08-24 13:30:00
2017-08-25 13:30:00,82.65,82.75,82.4,82.7,2605000.0,2017-08-25 13:30:00
2017-08-28 13:30:00,82.7,82.8,82.4,82.55,2764000.0,2017-08-28 13:30:00
2017-08-29 13:30:00,82.25,82.4,81.95,82.3,1223000.0,2017-08-29 13:30:00
2017-08-30 13:30:00,82.65,82.9,82.6,82.7,4111000.0,2017-08-30 13:30:00
2017-08-31 13:30:00,83.15,83.15,82.7,82.95,3278000.0,2017-08-31 13:30:00
2017-09-01 13:30:00,82.95,83.2,82.65,83.0,4414000.0,2017-09-01 13:30:00
2017-09-04 13:30:00,82.9,83.05,82.7,82.85,2583000.0,2017-09-04 13:30:00
2017-09-05 13:30:00,82.9,83.0,82.65,82.95,2555000.0,2017-09-05 13:30:00
2017-09-06 13:30:00,82.7,82.9,82.35,82.6,2881000.0,2017-09-06 13:30:00
2017-09-07 13:30:00,82.8,82.85,82.2,82.25,1359000.0,2017-09-07 13:30:00
2017-09-08 13:30:00,82.4,82.9,82.4,82.7,2836000.0,2017-09-08 13:30:00
2017-09-11 13:30:00,83.25,83.35,82.5,82.55,1623000.0,2017-09-11 13:30:00
2017-09-12 13:30:00,82.95,83.05,82.65,82.85,1388000.0,2017-09-12 13:30:00
2017-09-13 13:30:00,82.9,83.0,82.25,82.3,2165000.0,2017-09-13 13:30:00
2017-09-14 13:30:00,82.3,82.55,82.15,82.35,1744000.0,2017-09-14 13:30:00
2017-09-15 13:30:00,82.35,82.5,82.1,82.35,1815000.0,2017-09-15 13:30:00
2017-09-18 13:30:00,82.85,83.15,82.6,83.15,2679000.0,2017-09-18 13:30:00
2017-09-19 13:30:00,83.2,83.3,82.65,82.75,1446000.0,2017-09-19 13:30:00
2017-09-20 13:30:00,82.5,82.65,82.1,82.2,9948000.0,2017-09-20 13:30:00
2017-09-21 13:30:00,82.05,82.8,81.95,82.7,1823000.0,2017-09-21 13:30:00
2017-09-22 13:30:00,82.6,82.6,81.55,81.6,5592000.0,2017-09-22 13:30:00
2017-09-25 13:30:00,81.55,81.55,80.75,80.95,7047000.0,2017-09-25 13:30:00
2017-09-26 13:30:00,80.8,81.05,80.3,80.3,11738000.0,2017-09-26 13:30:00
2017-09-27 13:30:00,80.6,80.9,80.55,80.7,6228000.0,2017-09-27 13:30:00
2017-09-28 13:30:00,80.75,80.8,80.3,80.4,6891000.0,2017-09-28 13:30:00
2017-09-29 13:30:00,80.45,80.65,80.3,80.65,3429000.0,2017-09-29 13:30:00
2017-10-02 13:30:00,81.25,81.6,81.25,81.5,3250000.0,2017-10-02 13:30:00
2017-10-03 13:30:00,81.55,81.7,81.3,81.5,1569000.0,2017-10-03 13:30:00
2017-10-05 13:30:00,81.5,82.1,81.5,81.85,6396000.0,2017-10-05 13:30:00
2017-10-06 13:30:00,82.1,82.2,81.95,82.1,4110000.0,2017-10-06 13:30:00
2017-10-11 13:30:00,82.45,83.4,82.45,83.4,15949000.0,2017-10-11 13:30:00
2017-10-12 13:30:00,83.55,84.2,83.55,84.2,8744000.0,2017-10-12 13:30:00
2017-10-13 13:30:00,83.95,84.05,83.75,84.05,3560000.0,2017-10-13 13:30:00
2017-10-16 13:30:00,84.05,84.5,84.05,84.5,4024000.0,2017-10-16 13:30:00
2017-10-17 13:30:00,84.55,84.7,84.3,84.3,3224000.0,2017-10-17 13:30:00
2017-10-18 13:30:00,84.8,85.0,84.3,84.6,4462000.0,2017-10-18 13:30:00
2017-10-19 13:30:00,84.7,85.2,84.7,84.9,2439000.0,2017-10-19 13:30:00
2017-10-20 13:30:00,84.4,84.85,84.4,84.55,1717000.0,2017-10-20 13:30:00
2017-10-23 13:30:00,84.7,84.95,84.45,84.5,1761000.0,2017-10-23 13:30:00
2017-10-24 13:30:00,84.5,84.5,84.2,84.4,1064000.0,2017-10-24 13:30:00
2017-10-25 13:30:00,84.3,84.6,84.2,84.35,2412000.0,2017-10-25 13:30:00
2017-10-26 13:30:00,84.15,84.4,84.0,84.25,3219000.0,2017-10-26 13:30:00
2017-10-27 13:30:00,84.3,84.75,84.2,84.3,2129000.0,2017-10-27 13:30:00
2017-10-30 13:30:00,85.1,85.35,84.8,84.95,3352000.0,2017-10-30 13:30:00
2017-10-31 13:30:00,85.0,85.35,84.8,85.2,2118000.0,2017-10-31 13:30:00
2017-11-01 13:30:00,85.35,85.4,84.95,85.1,1303000.0,2017-11-01 13:30:00
2017-11-02 13:30:00,84.95,85.05,84.7,84.8,1556000.0,2017-11-02 13:30:00
2017-11-03 13:30:00,84.95,85.05,84.6,84.7,1446000.0,2017-11-03 13:30:00
2017-11-06 13:30:00,85.2,85.3,84.6,84.85,1562000.0,2017-11-06 13:30:00
2017-11-07 13:30:00,85.0,85.3,84.85,85.3,2200000.0,2017-11-07 13:30:00
2017-11-08 13:30:00,85.2,85.2,84.95,84.95,803000.0,2017-11-08 13:30:00
2017-11-09 13:30:00,84.95,85.05,84.4,84.4,1239000.0,2017-11-09 13:30:00
2017-11-10 13:30:00,84.3,84.55,83.95,84.55,915000.0,2017-11-10 13:30:00
2017-11-13 13:30:00,84.25,84.4,84.2,84.3,965000.0,2017-11-13 13:30:00
2017-11-14 13:30:00,84.3,84.3,83.95,84.15,1007000.0,2017-11-14 13:30:00
2017-11-15 13:30:00,83.8,83.85,83.15,83.3,6057000.0,2017-11-15 13:30:00
2017-11-16 13:30:00,83.3,83.75,83.2,83.6,2153000.0,2017-11-16 13:30:00
2017-11-17 13:30:00,84.3,84.45,84.15,84.35,7187000.0,2017-11-17 13:30:00
2017-11-20 13:30:00,84.4,84.45,83.9,84.0,2287000.0,2017-11-20 13:30:00
2017-11-21 13:30:00,83.9,84.8,83.9,84.75,4455000.0,2017-11-21 13:30:00
2017-11-22 13:30:00,85.15,85.6,84.9,85.15,4901000.0,2017-11-22 13:30:00
2017-11-23 13:30:00,85.15,85.35,84.95,85.2,1545000.0,2017-11-23 13:30:00
2017-11-24 13:30:00,85.25,85.3,84.95,85.15,1065000.0,2017-11-24 13:30:00
2017-11-27 13:30:00,85.15,85.15,84.1,84.15,2116000.0,2017-11-27 13:30:00
2017-11-28 13:30:00,83.95,84.0,83.5,83.6,1993000.0,2017-11-28 13:30:00
2017-11-29 13:30:00,83.65,83.95,83.55,83.7,1373000.0,2017-11-29 13:30:00
2017-11-30 13:30:00,83.0,83.0,82.25,82.25,7972000.0,2017-11-30 13:30:00
2017-12-01 13:30:00,82.15,82.9,81.65,82.6,5583000.0,2017-12-01 13:30:00
2017-12-04 13:30:00,82.65,82.95,82.35,82.9,1497000.0,2017-12-04 13:30:00
2017-12-05 13:30:00,82.55,82.65,82.2,82.25,1864000.0,2017-12-05 13:30:00
2017-12-06 13:30:00,82.1,82.1,80.85,80.85,13186000.0,2017-12-06 13:30:00
2017-12-07 13:30:00,81.2,81.25,80.45,80.9,7289000.0,2017-12-07 13:30:00
2017-12-08 13:30:00,81.5,81.5,80.65,80.9,6268000.0,2017-12-08 13:30:00
2017-12-11 13:30:00,81.2,81.65,81.2,81.5,2723000.0,2017-12-11 13:30:00
2017-12-12 13:30:00,81.4,81.5,80.55,80.95,3925000.0,2017-12-12 13:30:00
2017-12-13 13:30:00,81.1,81.2,80.9,81.0,1665000.0,2017-12-13 13:30:00
2017-12-14 13:30:00,81.55,82.0,81.35,81.75,2236000.0,2017-12-14 13:30:00
2017-12-15 13:30:00,81.65,81.65,80.65,81.1,4058000.0,2017-12-15 13:30:00
2017-12-18 13:30:00,81.2,81.25,80.85,81.2,3833000.0,2017-12-18 13:30:00
2017-12-19 13:30:00,81.2,81.4,80.7,80.8,4082000.0,2017-12-19 13:30:00
2017-12-20 13:30:00,80.8,81.1,80.75,81.05,4644000.0,2017-12-20 13:30:00
2017-12-21 13:30:00,81.1,81.35,81.0,81.0,1233000.0,2017-12-21 13:30:00
2017-12-22 13:30:00,80.8,81.35,80.7,81.3,1629000.0,2017-12-22 13:30:00
2017-12-25 13:30:00,81.3,81.55,81.3,81.45,989000.0,2017-12-25 13:30:00
2017-12-26 13:30:00,81.45,81.45,80.5,80.65,2543000.0,2017-12-26 13:30:00
2017-12-27 13:30:00,80.6,80.9,80.55,80.9,3588000.0,2017-12-27 13:30:00
2017-12-28 13:30:00,81.25,81.75,81.25,81.7,3086000.0,2017-12-28 13:30:00
2017-12-29 13:30:00,81.75,82.2,81.75,82.15,4675000.0,2017-12-29 13:30:00
2018-01-02 13:30:00,82.15,82.6,82.15,82.6,3563000.0,2018-01-02 13:30:00
2018-01-03 13:30:00,82.95,83.45,82.95,83.35,7181000.0,2018-01-03 13:30:00
2018-01-04 13:30:00,83.5,83.65,83.2,83.5,5575000.0,2018-01-04 13:30:00
2018-01-05 13:30:00,83.5,83.8,83.3,83.75,7593000.0,2018-01-05 13:30:00
2018-01-08 13:30:00,83.8,84.15,83.7,84.1,5176000.0,2018-01-08 13:30:00
2018-01-09 13:30:00,84.1,84.25,83.9,84.15,3655000.0,2018-01-09 13:30:00
2018-01-10 13:30:00,84.1,84.25,83.55,83.75,5736000.0,2018-01-10 13:30:00
2018-01-11 13:30:00,83.65,83.7,83.1,83.4,2572000.0,2018-01-11 13:30:00
2018-01-12 13:30:00,83.55,84.2,83.5,84.1,2862000.0,2018-01-12 13:30:00
2018-01-15 13:30:00,84.55,84.7,84.4,84.65,2802000.0,2018-01-15 13:30:00
2018-01-16 13:30:00,84.65,85.0,84.5,85.0,3934000.0,2018-01-16 13:30:00
2018-01-17 13:30:00,84.65,85.45,84.65,85.15,5687000.0,2018-01-17 13:30:00
2018-01-18 13:30:00,85.5,86.55,85.5,86.3,6884000.0,2018-01-18 13:30:00
2018-01-19 13:30:00,86.35,87.15,86.35,87.15,5278000.0,2018-01-19 13:30:00
2018-01-22 13:30:00,87.15,87.95,87.15,87.95,4419000.0,2018-01-22 13:30:00
2018-01-23 13:30:00,88.05,88.4,87.9,88.3,5779000.0,2018-01-23 13:30:00
2018-01-24 13:30:00,88.0,88.0,86.85,87.2,5082000.0,2018-01-24 13:30:00
2018-01-25 13:30:00,87.25,88.3,87.15,87.45,4964000.0,2018-01-25 13:30:00
2018-01-26 13:30:00,87.45,87.6,86.85,87.5,7675000.0,2018-01-26 13:30:00
2018-01-29 13:30:00,85.5,86.15,85.2,85.55,6431000.0,2018-01-29 13:30:00
2018-01-30 13:30:00,85.2,85.35,84.5,84.55,4939000.0,2018-01-30 13:30:00
2018-01-31 13:30:00,84.4,85.0,84.15,84.65,4238000.0,2018-01-31 13:30:00
2018-02-01 13:30:00,84.75,85.5,84.75,85.25,2901000.0,2018-02-01 13:30:00
2018-02-02 13:30:00,84.85,85.15,84.35,84.9,3074000.0,2018-02-02 13:30:00
2018-02-05 13:30:00,83.2,83.75,82.9,83.6,7054000.0,2018-02-05 13:30:00
2018-02-06 13:30:00,80.85,81.1,78.8,79.65,32160000.0,2018-02-06 13:30:00
2018-02-07 13:30:00,81.35,81.4,80.6,80.65,10131000.0,2018-02-07 13:30:00
2018-02-08 13:30:00,80.65,80.95,80.3,80.6,4491000.0,2018-02-08 13:30:00
2018-02-09 13:30:00,78.6,79.2,78.0,79.05,16168000.0,2018-02-09 13:30:00
2018-02-12 13:30:00,79.55,79.9,79.4,79.7,8410000.0,2018-02-12 13:30:00
2018-02-21 13:30:00,81.4,81.7,81.1,81.5,11620000.0,2018-02-21 13:30:00
2018-02-22 13:30:00,81.5,81.5,80.75,81.0,3712000.0,2018-02-22 13:30:00
2018-02-23 13:30:00,81.4,82.1,81.4,82.0,3553000.0,2018-02-23 13:30:00
2018-02-26 13:30:00,82.55,82.8,82.35,82.4,3272000.0,2018-02-26 13:30:00
2018-02-27 13:30:00,83.1,83.2,82.35,82.35,7632000.0,2018-02-27 13:30:00
2018-03-01 13:30:00,81.55,81.95,81.15,81.75,4330000.0,2018-03-01 13:30:00
2018-03-02 13:30:00,80.85,81.2,80.45,81.15,6233000.0,2018-03-02 13:30:00
2018-03-05 13:30:00,81.1,81.5,80.65,80.75,3707000.0,2018-03-05 13:30:00
2018-03-06 13:30:00,81.65,82.15,81.6,82.15,5514000.0,2018-03-06 13:30:00
2018-03-07 13:30:00,81.75,82.45,81.7,81.8,2603000.0,2018-03-07 13:30:00
2018-03-08 13:30:00,82.15,82.8,82.15,82.75,3209000.0,2018-03-08 13:30:00
2018-03-09 13:30:00,82.9,83.0,82.7,82.85,2819000.0,2018-03-09 13:30:00
2018-03-12 13:30:00,83.6,84.25,83.55,84.15,8698000.0,2018-03-12 13:30:00
2018-03-13 13:30:00,84.35,84.95,84.3,84.95,9817000.0,2018-03-13 13:30:00
2018-03-14 13:30:00,84.35,84.45,84.0,84.3,3388000.0,2018-03-14 13:30:00
2018-03-15 13:30:00,84.0,84.3,83.9,84.25,3489000.0,2018-03-15 13:30:00
2018-03-16 13:30:00,84.0,84.2,83.1,83.9,5497000.0,2018-03-16 13:30:00
2018-03-19 13:30:00,83.65,84.1,83.45,83.85,2024000.0,2018-03-19 13:30:00
2018-03-20 13:30:00,83.2,83.8,83.2,83.8,2884000.0,2018-03-20 13:30:00
2018-03-21 13:30:00,83.8,84.1,83.6,83.85,4884000.0,2018-03-21 13:30:00
2018-03-22 13:30:00,84.0,84.6,83.45,83.55,3422000.0,2018-03-22 13:30:00
2018-03-23 13:30:00,81.85,82.4,81.8,82.1,8024000.0,2018-03-23 13:30:00
2018-03-26 13:30:00,81.85,82.2,81.6,82.2,4359000.0,2018-03-26 13:30:00
2018-03-27 13:30:00,83.0,83.4,82.95,83.4,3268000.0,2018-03-27 13:30:00
2018-03-28 13:30:00,82.9,82.9,82.2,82.25,4142000.0,2018-03-28 13:30:00
2018-03-29 13:30:00,82.25,82.35,81.8,82.1,4092000.0,2018-03-29 13:30:00
2018-03-30 13:30:00,82.65,83.05,82.65,82.85,4973000.0,2018-03-30 13:30:00
2018-04-02 13:30:00,82.85,82.95,82.15,82.25,0.0,2018-04-02 13:30:00
2018-04-03 13:30:00,81.5,81.55,81.2,81.5,6164000.0,2018-04-03 13:30:00
2018-04-09 13:30:00,82.15,82.3,81.6,82.2,3388000.0,2018-04-09 13:30:00
2018-04-10 13:30:00,82.1,82.85,81.75,82.5,3849000.0,2018-04-10 13:30:00
2018-04-11 13:30:00,82.9,83.1,82.75,82.85,2591000.0,2018-04-11 13:30:00
2018-04-12 13:30:00,83.05,83.15,82.25,82.5,3579000.0,2018-04-12 13:30:00
2018-04-13 13:30:00,82.7,82.8,82.3,82.5,2973000.0,2018-04-13 13:30:00
2018-04-16 13:30:00,82.65,82.65,82.0,82.3,1795000.0,2018-04-16 13:30:00
2018-04-17 13:30:00,82.4,82.4,81.35,81.4,4301000.0,2018-04-17 13:30:00
2018-04-18 13:30:00,81.6,82.1,81.35,81.6,3727000.0,2018-04-18 13:30:00
2018-04-19 13:30:00,81.9,82.65,81.9,82.65,4449000.0,2018-04-19 13:30:00
2018-04-20 13:30:00,81.0,81.1,80.5,80.75,8993000.0,2018-04-20 13:30:00
2018-04-23 13:30:00,80.25,80.45,79.9,79.95,10601000.0,2018-04-23 13:30:00
2018-04-24 13:30:00,79.9,79.95,79.05,79.55,16842000.0,2018-04-24 13:30:00
2018-04-25 13:30:00,79.25,79.3,78.8,79.3,16442000.0,2018-04-25 13:30:00
2018-04-26 13:30:00,79.7,79.7,78.8,79.05,16461000.0,2018-04-26 13:30:00
2018-04-27 13:30:00,79.6,79.65,78.8,79.2,12369000.0,2018-04-27 13:30:00
2018-04-30 13:30:00,79.65,80.15,79.05,80.0,6500000.0,2018-04-30 13:30:00
2018-05-03 13:30:00,79.05,79.05,78.35,78.55,8787000.0,2018-05-03 13:30:00
2018-05-04 13:30:00,78.55,79.0,78.4,78.95,3448000.0,2018-05-04 13:30:00
2018-05-07 13:30:00,79.5,79.55,78.8,79.5,3835000.0,2018-05-07 13:30:00
2018-05-08 13:30:00,79.4,80.05,79.35,80.0,5320000.0,2018-05-08 13:30:00
2018-05-09 13:30:00,80.0,80.55,80.0,80.45,3340000.0,2018-05-09 13:30:00
2018-05-10 13:30:00,80.7,80.7,80.45,80.65,5960000.0,2018-05-10 13:30:00
2018-05-11 13:30:00,81.1,81.7,81.05,81.6,17628000.0,2018-05-11 13:30:00
2018-05-14 13:30:00,82.0,82.6,81.9,82.5,17177000.0,2018-05-14 13:30:00
2018-05-15 13:30:00,82.35,82.4,81.65,81.65,7189000.0,2018-05-15 13:30:00
2018-05-16 13:30:00,81.45,81.8,81.4,81.75,8282000.0,2018-05-16 13:30:00
2018-05-17 13:30:00,81.95,82.0,81.2,81.2,1926000.0,2018-05-17 13:30:00
2018-05-18 13:30:00,81.2,81.5,80.85,80.95,2345000.0,2018-05-18 13:30:00
2018-05-21 13:30:00,81.2,82.1,81.2,82.05,3861000.0,2018-05-21 13:30:00
2018-05-22 13:30:00,81.8,82.3,81.75,81.75,1818000.0,2018-05-22 13:30:00
2018-05-23 13:30:00,81.9,82.0,81.3,81.35,2068000.0,2018-05-23 13:30:00
2018-05-24 13:30:00,81.35,81.7,81.25,81.55,1128000.0,2018-05-24 13:30:00
2018-05-25 13:30:00,81.55,82.05,81.4,81.85,3108000.0,2018-05-25 13:30:00
